ppid,district,ward,village,sub_village,genda,agegrp,age,edu,occu,relign,marital,,havdog,howlong,edudb,ratedbknw,comwitdog,recdogcom,bodilangscore,trncatcdog,ratecatcdog,easycatcdog,knwcatcdog,trnholddog,easyholddog,crrctcalmdog,crrctsmlldog,crrctbigdog,doghadlinscore,dogbite,feardog,avoidatack,avoidattackscore,limitinjury,limitinjuryscore,vaccrashes,vaccreprodc,vaccbark,vaccdie,vacclastt
34,2,1,5,13,2,1,22,1,3,2,1,,0,0,0,2,,,6,0,2,2,3,0,3,3,1,2,6,0,1,3,1,2,0,0,0,0,0,0
35,1,2,1,2,2,0,14,1,1,3,0,,2,0.498,0,0,0,0,3,0,0,3,3,0,3,2,2,3,7,0,2,0,0,0,0,0,0,0,0,1
36,1,2,1,2,1,0,14,1,1,3,1,,2,3,0,0,1,1,1,0,3,3,3,0,3,2,3,2,7,0,1,3,1,3,1,0,0,0,0,1
37,1,2,1,2,1,0,14,1,1,2,0,,2,0,0,0,2,2,2,0,0,2,0,0,2,0,0,0,0,0,2,3,0,3,1,0,0,0,0,0
38,1,2,1,2,1,0,18,1,0,1,0,,2,0.41499999,0,3,3,3,3,0,3,3,2,0,3,2,3,3,8,1,2,3,2,3,3,0,0,0,0,0
39,1,2,1,2,2,0,18,1,3,2,0,,0,0,0,0,,,2,0,0,2,1,0,2,0,0,0,0,0,0,2,0,2,0,0,0,0,0,0
40,1,2,1,2,1,1,39,1,3,3,1,,2,0.16599999,0,1,3,1,1,0,1,1,1,0,1,1,1,3,5,1,3,0,0,1,1,1,0,0,0,0
41,1,2,1,2,1,1,25,1,3,3,1,,2,19,0,0,4,0,4,0,4,0,3,0,0,1,1,3,5,0,0,3,1,3,0,1,0,0,0,1
42,1,2,1,2,2,1,20,0,3,3,1,,2,3.415,0,1,3,2,4,0,1,2,1,0,2,1,1,2,4,1,2,3,2,2,0,0,0,0,0,1
43,1,2,1,2,2,1,28,0,3,3,1,,2,7,0,1,1,2,2,0,0,1,3,0,1,1,1,0,2,0,3,1,0,0,0,0,0,0,0,1
44,1,2,1,2,1,1,22,0,3,0,1,,2,4.415,0,0,3,3,4,0,2,3,2,0,2,2,2,2,6,0,2,3,1,3,3,0,0,0,0,0
45,1,2,1,2,1,0,14,1,1,2,0,,0,0,0,1,,,2,0,2,0,0,0,0,0,1,3,4,0,2,3,3,3,1,0,0,0,0,1
46,1,2,1,2,1,2,70,1,3,3,1,,2,1.415,0,3,3,3,5,0,3,3,2,0,3,2,2,3,7,0,2,3,3,3,1,0,0,0,0,0
47,1,2,1,2,2,0,19,1,0,3,1,,0,0,0,2,,,1,0,2,3,2,0,3,2,2,2,6,0,2,3,1,3,3,0,0,0,0,1
48,1,2,1,2,2,0,14,1,1,3,0,,2,1,0,0,0,0,1,0,0,1,3,0,1,0,1,3,4,0,3,3,0,0,0,0,0,0,0,1
49,1,2,1,2,1,0,19,1,3,2,0,,2,0,0,0,3,3,4,0,1,3,2,0,2,0,0,0,0,0,3,3,3,2,0,0,0,0,0,0
50,1,2,1,2,2,1,20,0,0,3,1,,0,0,0,2,,,1,0,2,2,1,0,2,2,0,0,2,1,2,2,2,2,2,0,0,0,0,1
51,1,2,1,2,1,1,22,0,3,3,1,,2,5,0,0,1,1,3,0,0,0,1,0,0,1,1,0,2,0,3,0,0,0,0,0,0,0,0,1
52,1,2,1,2,2,0,18,2,1,3,0,,2,5.4980001,0,1,3,1,2,0,1,3,1,0,1,1,0,3,4,1,3,1,0,1,1,0,0,0,0,1
53,1,2,1,2,1,1,28,2,2,2,2,,1,1,0,2,0,0,2,0,2,1,1,0,2,2,2,2,6,0,0,0,2,2,3,1,0,0,0,0
54,1,2,4,9,2,1,22,1,3,3,1,,2,13.083,0,1,3,3,2,0,2,3,2,0,3,2,2,2,6,0,2,3,1,3,2,0,0,0,0,0
55,1,2,4,9,1,1,39,0,3,3,1,,0,0,0,2,,,1,0,2,3,2,0,2,2,2,2,6,1,2,3,1,3,3,0,0,0,0,1
56,1,2,4,9,2,0,15,1,1,2,0,,2,3,0,2,3,2,8,0,2,2,2,0,2,1,1,3,5,1,3,2,0,2,0,0,0,0,0,0
57,1,2,4,9,2,0,15,1,3,3,1,,0,0,0,0,,,6,0,0,2,1,0,3,1,1,3,5,0,3,3,1,2,0,0,0,0,0,1
58,1,2,4,9,1,0,15,1,1,3,0,,2,5,0,1,0,0,5,0,1,1,3,0,2,1,1,2,4,0,3,3,1,2,0,0,0,0,0,1
59,1,2,4,9,1,1,22,0,3,0,1,,0,0,0,2,,,2,0,3,3,2,0,3,2,2,2,6,1,3,3,1,3,4,0,0,0,0,1
60,1,2,4,9,1,0,18,1,1,1,0,,2,0.498,0,0,0,0,2,0,0,0,3,0,0,2,1,3,6,0,1,3,0,2,0,0,0,0,0,0
61,1,2,4,9,1,1,22,0,3,3,1,,2,8,0,0,1,1,2,0,0,1,2,0,1,0,0,0,0,0,3,1,0,2,0,0,0,0,0,1
62,1,2,4,9,1,1,25,1,3,1,1,,2,2,0,0,4,4,4,0,1,0,0,0,0,0,0,0,0,0,3,3,0,3,1,1,0,0,0,0
63,1,2,4,9,1,1,40,1,2,2,1,,0,0,0,1,,,15,0,1,1,3,0,1,3,3,2,8,0,0,3,1,3,0,0,0,0,0,1
64,1,2,4,9,1,1,20,0,3,3,1,,2,3,0,1,1,1,1,0,2,1,1,0,1,1,1,3,5,1,3,2,1,2,1,0,0,0,0,0
65,1,2,4,9,2,2,70,1,3,3,1,,2,20,0,2,2,3,5,0,3,3,3,0,3,2,2,3,7,0,0,3,0,1,0,0,0,0,0,1
66,1,2,4,9,2,1,32,0,3,1,1,,2,15.664,0,2,3,3,1,0,2,0,1,0,2,2,1,0,3,0,3,3,0,3,0,0,0,0,0,1
67,1,2,4,9,1,1,40,1,3,3,1,,0,0,0,0,,,10,0,0,1,3,0,1,1,1,3,5,1,3,3,0,1,0,0,0,0,0,0
68,1,2,4,9,1,1,40,0,3,2,1,,0,0,0,0,,,8,0,0,2,0,0,2,0,0,0,0,0,3,3,2,3,1,0,0,0,0,0
69,1,2,4,9,2,0,15,1,1,2,0,,2,5.7470002,0,1,2,3,4,0,2,2,0,0,1,1,1,3,5,0,3,2,0,2,0,0,0,0,0,0
70,1,2,4,9,1,1,25,1,3,3,1,,2,0.16599999,0,3,3,3,3,0,3,3,2,0,3,2,2,2,6,1,2,3,2,3,3,0,0,0,0,0
71,1,2,4,9,1,0,19,1,3,1,1,,2,1.415,0,2,3,3,1,0,3,3,2,0,3,2,2,2,6,0,2,3,1,3,2,0,0,0,0,0
72,1,2,4,9,1,0,17,1,0,3,0,,2,0,0,0,2,2,1,0,4,3,2,0,4,0,0,0,0,0,2,4,1,3,1,0,0,0,0,0
73,1,2,4,9,1,1,28,0,0,3,1,,0,0,0,2,,,1,0,2,2,0,0,2,0,0,0,0,0,3,2,1,2,1,0,0,0,0,1
74,1,2,4,9,1,1,22,1,3,3,1,,0,0,0,0,,,1,0,0,2,0,0,2,0,0,0,0,0,3,2,1,2,1,0,0,0,0,1
75,1,2,4,9,2,0,16,1,1,2,0,,0,0,0,0,,,0,0,0,0,0,0,0,0,1,3,4,0,3,0,0,0,0,0,0,0,0,1
76,1,2,4,9,1,1,46,0,3,0,1,,0,0,0,2,,,1,0,2,2,0,0,2,0,0,0,0,0,0,2,1,3,2,0,0,0,0,1
77,1,2,4,9,1,1,28,0,3,3,1,,0,0,0,0,,,1,0,0,0,0,0,2,1,1,3,5,1,2,3,1,2,1,0,0,0,0,1
78,1,2,4,9,1,1,32,0,3,3,1,,2,3,0,0,0,0,1,0,0,0,2,0,1,1,0,0,1,1,3,1,0,3,0,0,0,0,0,0
79,1,2,4,9,1,1,20,0,3,3,0,,0,0,0,3,,,1,0,2,2,2,0,3,2,2,2,6,1,2,3,1,3,2,0,0,0,0,0
80,1,2,4,9,1,0,19,0,3,3,0,,0,0,0,3,,,1,0,1,2,2,0,2,1,1,3,5,0,2,2,1,2,1,0,0,0,0,0
81,1,2,4,9,1,1,28,0,3,3,1,,2,5,0,2,2,2,1,0,2,2,1,0,2,2,1,3,6,1,2,3,1,3,1,0,0,0,0,0
83,1,2,4,9,1,1,40,1,3,3,1,,2,0.74699998,0,2,4,3,7,0,2,3,2,0,3,3,3,2,8,1,2,3,7,3,5,0,0,0,0,0
83,1,2,4,9,2,1,46,0,3,1,1,,2,10,0,0,0,0,1,0,0,0,1,0,1,0,0,0,0,0,3,1,0,1,0,0,0,0,0,1
84,1,2,4,9,1,1,47,1,3,3,1,,2,20.747,0,1,3,3,14,0,2,3,2,0,3,2,2,2,6,1,3,3,1,3,1,0,0,0,0,0
85,1,2,4,9,2,1,22,1,3,2,1,,1,0,0,2,,,1,0,2,3,2,0,3,1,1,0,2,0,1,3,1,3,0,0,0,0,0,1
86,1,2,4,9,1,1,25,0,3,3,1,,2,5.1659999,0,4,4,3,3,0,3,3,2,0,3,2,3,2,7,0,2,4,1,3,3,0,0,0,0,0
87,1,2,4,9,2,1,20,0,3,3,1,,2,5.4980001,0,1,3,2,4,0,0,2,0,0,2,0,0,0,0,0,0,2,0,2,0,0,0,0,0,0
88,1,2,4,9,2,0,18,1,1,0,0,,2,5.1659999,0,0,3,3,1,0,2,3,0,0,2,0,2,2,4,0,1,2,1,2,1,0,0,0,0,0
89,1,2,4,9,1,1,25,0,3,3,0,,2,14.166,0,2,3,3,2,0,2,2,2,0,3,2,2,2,6,1,2,3,1,3,3,0,0,0,0,0
90,1,2,4,9,1,0,19,1,3,3,1,,2,1,0,0,0,0,1,0,1,1,3,0,3,2,2,3,7,0,0,3,2,1,0,0,0,0,0,1
91,1,2,4,9,1,1,47,1,3,3,1,,2,35,0,0,3,3,12,0,1,3,2,0,3,2,2,2,6,1,3,3,2,2,0,0,0,0,0,0
92,1,2,4,9,2,0,14,1,1,2,0,,2,3,0,0,3,2,6,0,0,2,3,0,2,2,1,3,6,0,0,2,0,2,0,0,0,0,0,0
92,1,2,4,9,1,1,40,1,3,2,1,,2,2,0,0,3,3,7,0,0,2,2,0,2,3,1,3,7,0,2,3,1,2,0,0,0,0,0,0
94,1,2,4,9,1,1,20,1,3,2,0,,2,10.498,0,1,3,1,3,0,1,1,1,0,1,1,1,3,5,1,1,3,1,3,1,0,0,0,0,0
95,1,2,4,9,1,1,20,1,3,3,0,,2,0.498,0,1,4,1,3,0,1,1,0,0,1,0,0,0,0,1,1,3,1,3,0,0,0,0,0,0
96,1,2,4,9,2,0,19,0,3,3,1,,2,3,0,0,0,0,1,0,2,0,1,0,0,1,1,3,5,0,2,1,0,1,0,0,0,0,0,0
97,1,2,4,9,2,1,32,1,3,3,1,,2,10,0,0,1,1,1,0,0,0,3,0,1,1,1,3,5,0,2,1,0,1,0,0,0,0,0,1
98,1,2,4,9,1,1,33,1,3,3,1,,2,13.415,0,3,3,3,5,0,3,3,2,1,3,2,2,3,7,1,2,3,2,3,4,0,0,0,0,0
99,1,2,4,9,1,0,17,0,0,3,0,,2,2,0,1,3,1,4,0,2,4,1,0,3,1,0,3,4,0,2,3,0,3,0,0,0,0,0,1
100,1,2,4,9,1,1,22,1,3,3,1,,2,2.415,0,0,3,2,1,0,0,2,0,0,2,0,0,0,0,0,2,3,1,3,1,0,0,0,0,0
101,1,2,4,9,2,0,15,0,3,3,0,,2,3,0,2,3,3,4,0,1,1,3,0,2,1,2,3,6,0,1,1,0,1,0,0,0,0,0,1
102,1,2,4,9,2,1,25,0,3,3,1,,2,1,0,0,0,1,2,0,0,0,3,0,0,1,1,3,5,0,0,0,1,1,0,0,0,0,0,1
103,1,2,4,9,2,1,33,1,0,2,0,,0,0,0,0,,,1,0,0,2,0,0,2,0,0,0,0,0,3,2,0,2,0,0,0,0,0,0
104,1,2,4,9,1,1,22,1,3,3,0,,2,5,0,1,0,1,1,0,1,2,3,0,3,1,1,3,5,0,1,2,0,2,0,0,0,0,0,0
105,1,2,4,9,2,1,40,1,3,3,1,,2,19,0,2,4,0,7,0,4,0,3,0,0,0,0,0,0,0,3,3,1,3,1,0,0,0,0,0
106,1,2,4,9,1,1,28,0,3,3,1,,0,0,0,3,,,1,0,1,1,1,0,2,2,2,2,6,0,2,3,1,3,3,0,0,0,0,0
135,1,2,1,14,1,1,33,1,3,2,1,,2,6,0,2,3,3,1,0,2,3,2,0,3,2,2,2,6,0,2,2,1,3,2,0,0,0,0,0
136,1,2,1,14,2,1,47,1,3,2,1,,0,0,0,1,,,7,0,0,2,2,0,2,2,1,3,6,0,3,3,2,2,0,0,0,0,0,1
137,1,2,1,14,1,1,40,1,3,3,1,,2,3,0,3,3,3,6,0,3,3,3,0,3,0,1,3,4,1,0,3,2,3,0,0,0,0,0,0
138,1,2,1,14,1,2,70,1,3,3,1,,2,20,0,3,4,0,5,0,2,4,3,0,3,1,1,3,5,0,0,3,2,3,1,1,0,0,1,1
139,1,2,1,14,2,1,34,1,2,3,1,,2,2,0,2,3,3,9,0,3,3,3,0,3,2,2,2,6,0,0,3,2,3,1,0,0,0,0,0
140,1,2,1,14,1,1,40,1,3,3,1,,2,3.1659999,0,3,3,3,6,0,3,3,2,0,3,2,2,2,6,1,2,3,1,3,3,0,0,0,0,0
141,1,2,1,14,1,2,70,1,3,3,1,,2,20,0,0,4,1,4,0,4,0,3,0,0,0,3,3,6,1,3,3,1,3,1,0,0,0,0,1
142,1,2,1,14,2,1,20,0,3,3,1,,2,0.249,0,2,3,2,1,0,0,1,0,0,3,2,1,3,6,0,2,2,1,3,1,0,0,0,0,0
143,1,2,1,14,1,1,47,1,3,3,1,,2,2,0,2,3,2,6,0,0,1,3,0,0,2,2,2,6,0,2,3,0,3,0,0,0,0,0,1
144,1,2,1,14,1,1,47,1,2,2,1,,2,4,0,1,2,2,4,0,1,3,2,0,2,1,1,3,5,0,2,3,0,2,1,1,0,0,0,0
145,1,2,1,14,1,1,22,1,3,3,1,,0,0,0,1,,,0,0,2,1,3,0,0,2,1,3,6,0,3,1,1,0,0,0,0,0,0,0
146,1,2,1,14,2,1,47,1,3,2,1,,2,10,0,2,3,3,3,0,2,3,2,0,1,0,1,0,1,1,2,3,1,3,0,0,0,0,0,0
147,1,2,1,14,2,0,19,0,3,3,0,,2,0.16599999,0,2,3,3,0,0,1,2,3,0,0,0,1,2,3,0,3,3,0,2,0,0,0,0,0,0
148,1,2,1,14,1,1,40,1,3,3,1,,2,10,0,0,4,0,6,0,4,0,0,0,0,0,0,0,0,1,3,3,3,3,2,0,0,0,0,1
149,1,2,1,14,1,1,47,1,3,3,1,,2,1,0,2,3,3,3,0,1,2,2,0,1,0,0,0,0,0,0,3,1,3,0,0,0,0,0,0
150,1,2,1,14,1,1,47,1,3,2,1,,2,2,0,2,3,3,2,0,2,3,2,0,3,0,1,0,1,1,3,3,0,3,0,0,0,0,0,0
151,1,2,1,14,2,2,70,0,3,3,1,,2,10.415,0,2,3,0,4,0,0,4,2,0,3,0,1,3,4,1,2,3,1,3,0,1,0,0,0,1
152,1,2,1,14,2,1,20,1,3,1,1,,2,6,0,2,0,2,1,0,1,1,3,0,2,1,1,3,5,1,3,1,0,2,0,0,0,0,0,1
152,1,2,1,14,1,1,47,1,3,2,1,,2,2,0,2,3,3,2,0,2,3,2,0,2,1,1,0,2,1,3,3,1,3,0,0,0,0,0,0
154,1,2,1,14,2,1,47,0,3,3,1,,0,0,0,0,,,1,0,0,2,0,0,2,0,0,0,0,0,2,2,1,2,1,0,0,0,0,1
155,1,2,1,14,2,1,48,1,3,2,1,,0,0,0,3,,,9,1,4,4,3,1,4,3,3,3,9,1,0,3,4,3,1,0,0,0,0,1
156,1,2,1,14,1,1,48,1,3,3,1,,2,30.664,0,2,3,3,9,0,2,3,2,0,3,2,2,2,6,1,2,3,0,3,1,0,0,0,0,1
157,1,2,1,14,2,1,48,2,3,3,1,,2,30,0,3,3,3,9,0,3,3,3,0,3,1,1,3,5,0,0,3,2,3,1,0,0,0,0,1
158,1,2,1,14,2,2,70,1,3,3,1,,2,34.498001,0,0,4,0,4,0,0,3,1,0,0,0,0,0,0,0,1,0,0,0,0,0,0,0,0,0
159,1,2,1,14,1,1,48,1,3,2,1,,2,8,0,1,3,2,6,0,0,2,0,0,2,0,0,0,0,0,3,3,0,2,0,0,0,0,0,0
160,1,2,1,14,2,1,48,1,2,2,1,,2,2,0,3,1,1,6,0,2,1,2,0,1,2,1,2,5,1,3,3,1,3,1,0,0,0,0,0
161,1,2,1,14,2,1,48,0,3,3,1,,2,10,0,2,3,3,6,0,2,1,1,0,1,1,0,0,1,0,3,2,0,3,0,0,0,0,0,1
162,1,2,1,14,1,1,48,1,3,3,1,,2,5.1659999,1,3,3,3,5,0,3,3,2,1,3,2,3,3,8,1,2,3,2,3,3,0,0,0,0,0
163,1,2,1,14,1,2,70,1,0,3,0,,2,1.747,0,1,2,2,3,0,0,2,0,0,2,0,0,0,0,0,3,3,1,3,1,0,0,0,0,0
165,1,2,4,9,1,1,48,1,3,2,1,,2,0.33199999,0,2,2,2,5,0,1,1,2,0,2,1,1,3,5,0,2,1,0,1,0,0,0,0,0,0
166,1,2,4,9,2,1,48,1,3,0,1,,2,20.497999,0,3,3,3,3,0,2,3,2,0,3,2,2,2,6,1,2,3,1,3,2,0,0,0,0,0
167,1,2,4,9,1,1,48,0,3,0,1,,2,1,0,0,2,2,1,0,0,1,2,0,2,0,2,0,2,0,2,0,1,2,1,0,0,0,0,0
168,1,2,4,9,1,1,48,0,3,3,1,,0,0,0,2,,,1,0,0,0,0,0,2,2,2,3,7,0,3,3,1,3,1,0,0,0,0,0
169,1,2,4,9,1,1,49,1,3,3,1,,2,2,0,2,3,3,9,0,3,3,3,0,1,0,1,2,3,1,1,3,1,2,0,0,0,0,0,1
170,1,2,4,9,2,1,49,1,3,3,1,,2,3,0,3,3,3,6,0,1,3,3,0,3,2,3,3,8,1,3,3,0,3,1,0,0,0,0,1
171,1,2,4,9,1,1,49,1,3,3,1,,2,10,0,2,3,3,5,0,2,3,3,0,3,1,1,2,4,1,0,3,2,3,0,0,0,0,1,0
172,1,2,4,9,1,1,49,0,3,3,1,,2,20,0,2,3,3,1,0,1,1,3,0,1,0,1,3,4,0,3,3,0,2,0,0,0,0,0,0
173,1,2,4,9,1,1,49,0,3,3,1,,2,1,0,2,1,1,0,0,1,2,2,0,2,0,0,0,0,0,2,3,1,2,0,0,0,0,0,0
174,1,2,4,9,2,2,50,0,3,3,1,,2,30,0,0,3,3,14,0,1,1,3,0,3,2,2,3,7,0,3,3,0,0,0,0,0,0,0,0
175,1,2,4,9,2,2,50,0,3,3,1,,2,30.747,0,1,3,3,11,0,1,3,1,0,3,1,0,0,1,0,2,3,1,3,1,0,0,0,0,0
176,1,2,4,9,2,2,50,1,3,2,1,,0,0,0,0,,,9,0,0,2,0,0,2,0,0,0,0,0,3,3,1,2,0,0,0,0,0,1
177,1,2,4,9,1,2,70,1,3,0,1,,0,0,0,2,,,3,0,3,3,2,1,3,2,2,3,7,1,2,3,2,3,4,0,0,0,0,1
178,1,2,4,9,2,2,50,1,3,2,1,,2,0.498,0,0,2,2,8,0,1,3,2,0,3,2,2,2,6,0,3,3,2,3,1,0,0,0,0,0
179,1,2,4,9,1,2,50,2,3,3,1,,2,10,0,3,4,4,8,0,3,3,3,0,3,3,3,3,9,0,0,3,2,3,1,0,0,0,0,0
180,1,2,4,9,1,2,50,1,3,2,1,,0,0,0,2,,,7,0,0,2,3,0,3,3,1,3,7,0,0,3,0,2,1,0,0,0,0,1
181,1,2,4,9,2,2,50,1,3,3,1,,2,15,0,2,4,4,6,0,2,3,2,0,3,3,3,3,9,1,0,3,2,3,2,0,0,0,0,0
182,1,2,4,9,2,1,34,0,3,3,1,,2,8,0,2,3,3,9,0,0,0,3,0,0,0,0,0,0,0,3,3,1,1,1,0,0,0,0,1
183,1,2,4,9,2,2,50,1,3,3,1,,2,10,0,2,4,4,6,0,3,4,3,0,3,3,1,3,7,0,3,3,2,3,1,0,0,0,0,0
184,1,2,4,9,1,2,50,1,3,3,1,,2,20,0,2,4,0,5,0,2,4,3,0,3,2,1,3,6,0,3,3,2,3,1,0,0,0,1,1
185,1,2,4,9,2,2,50,1,3,3,1,,2,10,0,0,4,0,5,0,2,0,0,0,0,0,0,0,0,0,3,3,1,3,0,0,0,0,0,0
186,1,2,4,9,1,2,50,0,3,3,1,,2,5,0,0,0,0,5,0,0,0,2,0,1,1,0,3,4,0,2,1,0,2,0,0,0,0,0,1
187,1,2,4,9,1,2,50,1,3,3,1,,2,3,0,1,4,0,4,0,2,1,1,0,1,1,0,0,1,0,3,3,1,3,1,0,0,0,1,1
188,1,2,4,9,2,1,25,1,3,3,1,,2,5,0,3,1,0,2,0,3,1,3,0,2,1,1,3,5,0,2,3,0,2,0,0,0,0,0,1
189,1,2,4,9,2,1,40,1,2,2,1,,2,1,0,0,0,0,5,0,0,0,3,0,0,2,0,0,2,0,2,0,0,0,0,0,0,0,0,0
190,1,2,4,9,1,2,50,1,3,3,1,,2,10,0,2,4,4,4,0,2,3,3,0,3,2,3,3,8,0,0,3,1,3,2,0,0,0,0,0
191,1,2,4,9,2,1,40,1,3,3,1,,2,30.664,0,3,3,3,5,0,3,3,2,0,3,2,2,2,6,1,2,3,2,3,3,0,0,0,0,0
192,1,2,4,9,2,1,34,1,3,3,1,,2,8,0,3,3,3,9,0,3,3,3,0,3,3,2,3,8,0,0,3,0,3,1,0,0,0,0,1
193,1,2,4,9,1,2,50,1,3,3,1,,2,12,0,0,4,0,4,0,2,4,1,0,1,1,1,3,5,0,0,3,1,3,1,0,0,0,0,0
194,1,2,4,9,2,2,50,1,3,3,1,,2,20,0,2,3,3,3,0,2,3,3,0,3,0,0,3,3,0,3,3,0,3,0,0,0,0,0,1
195,1,2,4,9,2,1,25,1,3,3,1,,0,0,0,1,,,1,0,2,2,0,0,2,0,0,0,0,0,3,2,1,2,1,0,0,0,0,1
196,1,2,4,9,1,1,40,0,3,3,1,,2,1,0,1,1,1,5,0,0,0,1,0,1,1,1,3,5,0,3,3,2,2,0,0,0,0,0,1
197,1,2,4,9,2,1,34,1,3,2,1,,0,0,0,1,,,5,0,2,1,2,0,1,2,0,3,5,0,3,3,1,2,0,0,0,0,0,1
198,1,2,4,9,2,2,50,1,3,3,1,,2,12,0,0,4,0,3,0,0,0,0,0,0,0,0,0,0,0,3,3,1,3,1,0,0,0,1,0
199,1,2,4,9,2,1,34,1,3,2,1,,2,10,0,3,3,3,4,0,2,3,2,0,3,1,1,2,4,0,2,3,0,3,0,1,0,0,0,0
200,1,2,4,9,2,1,40,0,3,2,1,,2,2,0,1,3,3,3,0,1,3,3,0,3,0,2,3,5,1,1,3,0,2,0,0,0,0,0,0
201,1,2,4,9,2,1,40,0,3,3,1,,2,30,0,1,3,3,3,0,2,3,3,0,3,1,1,3,5,1,3,3,1,3,0,0,0,0,0,1
202,1,2,4,9,1,2,50,0,3,3,1,,2,1,0,0,0,1,3,0,0,1,3,0,0,1,1,3,5,0,3,2,0,1,0,0,0,0,0,1
203,1,2,4,9,1,2,50,0,3,3,1,,0,0,0,3,,,3,0,3,3,2,0,1,2,3,3,8,1,3,4,1,4,2,0,0,0,0,0
204,1,2,4,9,1,1,40,1,3,0,1,,2,12,0,0,3,3,3,0,2,2,2,1,3,3,3,3,9,1,2,3,1,3,3,0,0,0,0,0
205,1,2,4,9,1,1,40,0,3,3,1,,2,0,0,1,2,2,3,0,1,2,1,0,3,1,2,3,6,0,2,3,1,2,0,0,0,0,0,0
206,1,2,4,9,1,2,50,1,3,3,1,,2,20,0,0,3,1,2,0,1,0,3,0,1,0,0,0,0,1,3,1,0,3,0,0,0,0,0,1
207,1,2,4,9,2,1,23,1,3,2,1,,2,3,0,2,3,3,10,0,2,3,2,0,3,2,2,2,6,0,0,3,1,3,1,1,0,0,0,0
208,1,2,4,9,2,1,40,1,3,2,2,,2,2,0,0,0,3,2,0,0,0,1,0,0,1,1,3,5,0,3,2,1,0,0,0,0,1,0,0
209,1,2,4,9,1,1,34,1,3,3,1,,1,0,0,0,,,3,0,2,0,2,0,0,1,1,2,4,1,3,2,0,2,0,0,0,0,0,0
210,1,2,4,9,1,2,50,1,3,3,1,,2,7,0,0,4,0,2,0,1,0,1,0,0,1,1,3,5,0,0,3,1,3,1,0,0,0,0,0
211,1,2,4,9,2,2,50,1,3,3,1,,1,0,0,0,,,1,0,0,3,2,0,3,2,2,2,6,0,0,2,1,2,1,0,0,0,0,1
212,1,2,4,9,1,1,25,0,0,2,1,,0,0,0,2,,,1,0,0,1,2,0,3,0,1,2,3,1,2,3,0,2,0,0,0,0,0,1
213,1,2,4,9,2,1,28,1,3,0,1,,2,2.4979999,0,0,3,3,0,0,0,3,2,0,3,0,2,2,4,0,2,3,1,3,1,0,0,0,0,0
214,1,2,4,9,2,1,34,1,3,3,1,,0,0,0,2,,,2,0,2,3,2,0,3,2,2,2,6,1,2,3,2,3,2,0,0,0,0,0
215,1,2,4,9,2,1,28,1,3,2,1,,2,7,0,2,3,3,0,0,2,3,2,0,3,0,1,2,3,0,2,3,0,3,0,0,0,0,0,0
216,1,2,4,9,2,1,25,1,3,1,1,,2,2.1659999,0,1,3,2,1,0,0,2,0,0,2,0,0,0,0,0,3,3,1,3,1,0,0,0,0,0
243,1,2,1,12,1,1,40,1,3,2,1,,2,1,0,2,3,2,2,0,2,3,2,0,3,0,1,2,3,1,3,3,0,3,1,0,0,0,1,0
244,1,2,1,12,1,1,28,0,3,3,1,,2,6,0,2,3,3,0,0,1,1,3,0,0,0,1,3,4,0,2,3,0,2,0,0,0,1,0,1
245,1,2,1,12,1,2,50,1,2,3,1,,0,0,0,2,,,1,0,2,3,0,0,0,0,0,0,0,0,3,0,1,1,1,0,0,0,0,1
246,1,2,1,12,2,1,34,0,3,3,1,,2,4,0,3,3,3,2,0,2,2,2,0,3,2,1,3,6,0,2,3,1,3,1,0,0,0,0,0
247,1,2,1,12,1,2,70,1,3,3,1,,2,30.580999,0,0,3,1,2,0,1,4,1,0,1,2,3,3,8,1,2,3,1,3,0,0,0,0,0,1
248,1,2,1,12,2,1,34,1,3,3,1,,2,8.0830002,0,2,3,3,1,0,2,3,2,0,3,2,3,2,7,1,3,3,1,2,1,0,0,0,0,0
249,1,2,1,12,1,1,40,0,3,1,1,,2,0,0,1,3,3,2,0,0,0,3,0,3,0,1,3,4,1,2,3,0,3,0,0,0,0,0,0
250,1,2,1,12,1,1,40,1,3,1,1,,2,30,0,2,4,1,2,0,2,0,3,0,0,1,1,3,5,1,2,3,0,2,0,0,0,0,0,1
251,1,2,1,12,1,2,50,1,3,2,1,,2,10.249,0,3,3,3,1,0,2,3,2,0,3,2,2,2,6,0,2,3,1,2,1,0,0,0,0,0
252,1,2,1,12,1,1,40,1,3,3,1,,2,20.497999,0,1,3,1,2,0,1,3,1,0,0,1,1,3,5,1,3,1,0,1,1,0,0,0,0,0
253,1,2,1,12,2,1,40,0,3,3,1,,2,6,0,0,4,4,2,0,1,1,1,0,0,0,1,3,4,0,2,3,1,0,0,0,0,0,0,0
254,1,2,1,12,2,1,34,2,3,3,1,,2,1.0829999,0,0,3,3,0,0,4,3,2,0,3,2,2,2,6,0,1,3,1,2,1,0,0,0,0,0
255,1,2,1,12,1,2,50,1,3,3,1,,2,2,0,2,3,2,1,0,3,3,2,0,3,2,2,3,7,1,2,3,1,2,2,0,0,0,0,0
256,1,2,1,12,1,2,50,1,3,2,1,,2,6,0,2,2,2,1,0,0,0,1,0,0,1,1,3,5,0,3,3,1,2,0,0,0,0,0,0
257,1,2,1,12,2,1,29,1,3,2,1,,1,0,0,3,,,16,0,2,3,2,0,2,0,2,0,2,0,3,3,2,2,0,1,0,0,0,1
258,1,2,1,12,1,2,50,0,3,3,1,,2,4,0,0,1,1,1,0,1,1,3,0,2,0,1,3,4,0,1,1,0,1,0,0,0,0,0,1
259,1,2,1,12,2,1,29,0,3,3,1,,1,0,0,0,,,10,0,0,3,2,0,2,1,2,2,5,0,3,3,0,2,0,0,0,0,0,1
260,1,2,4,11,2,2,50,0,3,1,1,,2,3,0,1,1,1,1,0,0,1,3,0,1,2,2,3,7,1,3,3,1,2,0,0,0,0,0,1
261,1,2,4,11,2,1,23,2,3,3,0,,2,7,0,4,3,3,7,0,4,3,2,0,3,3,3,3,9,1,2,3,2,3,3,0,0,0,0,0
262,1,2,4,11,1,1,26,1,3,2,1,,1,0,0,1,,,8,0,0,2,0,0,2,0,0,0,0,0,3,3,0,2,0,0,0,0,0,1
263,1,2,4,11,1,1,26,0,3,2,1,,0,0,0,1,,,7,0,0,2,0,0,2,0,0,0,0,0,1,3,1,2,1,0,0,0,0,0
264,1,2,4,11,1,1,35,1,3,3,1,,2,0,0,0,4,2,7,0,4,3,1,0,2,0,0,0,0,0,2,3,0,3,1,0,0,0,0,1
265,1,2,4,11,2,1,23,1,3,3,1,,2,10,0,0,4,0,6,0,0,3,3,0,1,1,1,3,5,0,0,0,0,3,2,0,0,0,0,0
266,1,2,4,11,2,1,26,1,2,2,1,,0,0,0,0,,,6,0,0,0,2,0,0,1,1,3,5,1,1,1,2,3,0,0,0,0,0,1
267,1,2,4,11,2,1,35,2,3,3,1,,2,4,0,0,0,0,6,0,0,0,3,0,1,1,1,3,5,0,3,1,0,2,0,0,0,0,0,0
268,1,2,4,11,1,2,50,1,3,3,1,,2,1,0,1,3,3,0,0,2,2,2,0,1,2,0,2,4,1,1,3,0,3,0,1,0,0,0,0
269,1,2,4,11,2,1,29,0,3,0,1,,2,0.16599999,0,1,3,3,10,0,3,3,2,1,3,3,3,3,9,1,2,3,2,3,4,0,0,0,0,0
270,1,2,4,11,1,1,35,1,3,3,1,,2,10.498,0,2,4,0,5,0,2,4,2,0,3,1,1,2,4,1,3,3,1,3,1,0,0,0,0,1
271,1,2,4,12,2,1,23,2,3,3,1,,2,6,0,2,0,3,6,0,3,3,3,0,2,3,1,2,6,0,2,3,0,1,0,0,0,0,0,1
272,1,2,4,11,2,2,51,1,3,2,1,,2,0.82999998,0,3,3,3,4,0,2,3,2,0,3,1,1,2,4,1,2,3,1,3,1,0,0,0,0,0
273,1,2,4,11,2,1,29,1,2,2,1,,0,0,0,0,,,9,0,0,2,3,0,1,3,2,3,8,0,3,2,1,1,0,0,0,0,0,1
274,1,2,4,11,1,2,70,1,3,3,1,,2,10.498,0,1,3,3,2,0,1,3,2,0,1,1,3,3,7,1,3,2,0,2,0,0,0,0,0,0
275,1,2,4,11,1,2,51,1,3,3,1,,2,2,0,2,3,3,4,0,1,2,3,0,3,2,2,3,7,1,2,3,2,3,0,0,0,0,0,0
276,1,2,4,11,2,2,51,1,3,3,1,,2,32.498001,0,3,3,3,4,0,3,3,2,0,3,2,2,2,6,0,2,3,1,3,3,0,0,0,0,0
277,1,2,4,11,1,1,35,1,3,3,1,,2,4,0,2,3,3,4,0,1,4,1,0,2,0,0,2,2,1,2,3,1,3,0,0,0,0,0,0
278,1,2,4,11,1,1,40,1,3,3,1,,2,0.498,0,0,4,0,2,0,0,0,0,0,0,0,0,0,0,0,3,3,1,3,0,0,0,0,0,0
279,1,2,4,11,2,1,40,1,3,2,1,,0,0,0,0,,,1,0,0,2,0,0,2,0,0,0,0,0,3,3,0,3,1,0,0,0,0,0
280,1,2,4,11,1,2,70,0,3,3,1,,2,2,0,1,3,1,2,0,2,1,2,0,1,1,0,0,1,0,3,1,0,3,0,0,0,0,0,1
281,1,2,4,11,1,2,51,1,3,3,1,,2,5,0,0,4,3,4,0,0,4,2,0,0,1,1,3,5,1,3,0,0,3,0,0,0,0,0,0
282,1,2,4,11,1,1,29,0,3,2,1,,2,8,0,1,3,3,7,0,0,3,2,0,3,1,1,0,2,0,2,3,1,2,0,1,1,1,0,0
283,1,2,4,11,2,1,29,1,3,2,1,,0,0,0,0,,,4,0,2,3,2,0,3,2,2,2,6,0,3,3,2,2,0,0,1,0,0,1
284,1,2,4,11,1,1,29,2,3,0,1,,2,4.415,0,1,3,3,4,0,3,3,2,0,3,2,2,2,6,1,2,3,3,3,1,0,0,0,0,0
285,1,2,4,11,1,2,51,1,3,2,1,,2,8.1660004,0,2,3,3,1,1,4,3,2,0,3,2,2,2,6,1,2,3,1,3,1,0,0,0,0,0
286,1,2,4,11,1,2,51,0,3,3,1,,2,10,0,1,0,0,1,0,0,0,3,0,1,1,0,0,1,1,3,3,0,0,0,0,0,0,0,1
287,1,2,4,11,2,1,35,0,3,3,1,,2,8.1660004,0,2,2,2,4,0,2,2,2,0,3,2,2,2,6,1,2,2,1,3,1,0,0,0,0,0
288,1,2,4,11,1,1,35,0,3,2,1,,2,0.74699998,0,1,3,2,4,0,0,3,2,0,2,0,2,2,4,0,3,2,0,2,0,1,0,0,0,0
289,1,2,4,11,2,1,35,1,3,3,1,,2,9,0,0,4,0,4,0,0,4,3,0,4,2,3,3,8,0,3,3,1,3,1,0,0,0,0,0
290,1,2,4,11,1,1,29,1,3,3,1,,2,10,0,1,3,2,3,0,4,3,3,0,1,1,1,3,5,1,2,1,0,1,1,0,0,0,0,1
291,1,2,4,11,2,1,29,1,3,3,1,,0,0,0,2,,,1,0,2,2,2,0,2,2,2,2,6,0,2,2,1,2,3,0,0,0,0,1
292,1,2,4,11,1,1,40,1,3,3,1,,2,10,0,3,3,3,1,0,3,3,2,0,3,2,3,3,8,1,2,3,1,3,1,0,0,0,0,0
293,1,2,4,11,2,1,23,1,3,3,1,,2,5,0,0,4,4,4,0,2,0,0,0,0,0,0,0,0,0,0,3,1,3,0,0,0,0,0,0
294,1,2,4,11,1,2,70,0,3,3,2,,2,3,0,1,2,2,1,0,1,3,2,0,3,2,2,3,7,0,3,2,1,3,1,0,0,0,0,0
295,1,2,4,11,2,1,35,0,3,3,1,,2,18.664,0,3,3,3,4,0,3,3,2,1,3,3,3,3,9,1,3,3,2,3,4,0,0,0,0,0
296,1,2,4,11,1,1,26,1,3,3,1,,2,10,0,3,4,0,6,0,2,4,2,0,4,1,1,3,5,0,0,3,1,3,0,0,0,0,0,0
297,1,2,4,11,2,1,20,0,3,3,0,,2,10,0,0,4,0,3,0,2,0,2,0,0,1,3,3,7,1,3,3,1,3,0,0,0,1,0,1
298,1,2,4,11,1,1,35,1,3,3,1,,2,2,0,3,3,3,4,0,3,3,3,0,3,2,2,2,6,1,2,3,1,3,3,0,0,0,0,0
299,1,2,4,11,1,1,40,1,3,2,1,,2,3,0,3,3,3,1,0,2,3,2,0,3,2,3,2,7,0,3,2,1,2,1,0,0,0,0,0
300,1,2,1,12,1,1,23,1,3,1,1,,2,1,0,2,2,2,2,0,3,3,3,0,3,2,2,2,6,1,2,3,2,3,3,0,0,0,0,0
301,1,2,1,12,1,2,51,1,0,3,0,,1,0,0,0,,,0,0,0,2,0,0,2,0,0,0,0,1,3,2,0,2,0,0,0,0,0,1
302,1,2,1,12,2,1,26,1,3,3,1,,2,0.249,0,0,0,0,6,0,0,0,1,0,0,2,1,3,6,0,3,3,0,2,0,0,0,0,0,0
303,1,2,1,12,1,2,70,0,2,2,1,,0,0,0,0,,,1,0,0,1,1,0,0,0,1,3,4,0,3,0,0,1,0,0,0,0,0,0
304,1,2,1,12,1,2,52,1,3,2,1,,0,0,0,1,,,15,0,1,2,3,0,2,3,1,2,6,0,0,3,3,2,0,0,0,0,0,1
305,1,2,1,12,2,1,29,0,3,3,1,,2,0.41499999,0,2,3,3,1,0,1,2,1,0,2,2,2,2,6,0,2,3,1,3,3,0,0,0,0,0
306,1,2,4,11,1,1,20,1,3,3,1,,0,0,0,0,,,1,0,0,0,3,0,1,1,1,3,5,1,0,3,2,3,1,0,0,0,0,1
307,1,2,4,11,2,2,52,1,3,2,1,,2,2.747,0,1,3,2,8,0,1,2,1,0,3,0,1,2,3,0,3,2,0,2,0,1,1,0,0,0
308,1,2,4,11,1,1,35,1,3,3,1,,2,5.664,0,3,3,3,4,0,3,3,2,0,3,2,2,2,6,1,2,4,3,3,4,0,0,0,0,0
309,1,2,4,11,1,1,29,1,3,3,1,,0,0,0,3,,,1,0,3,3,2,0,3,2,2,2,6,1,2,3,1,3,3,0,0,0,0,1
310,1,2,4,11,1,1,40,0,3,2,1,,2,0.498,0,2,3,3,1,0,2,3,2,0,3,2,2,2,6,0,2,3,1,3,1,0,0,0,0,0
311,1,2,4,11,1,1,20,1,3,3,1,,2,3,0,0,1,1,1,0,1,1,3,0,1,1,1,3,5,0,2,1,0,2,0,0,0,0,0,1
312,2,1,2,10,2,1,20,1,3,3,0,,2,5.1659999,0,1,3,3,14,0,1,3,2,0,3,2,1,2,5,1,3,3,1,3,1,0,0,0,0,0
313,2,1,2,10,1,2,52,1,3,3,1,,2,10,0,2,4,0,6,0,4,0,3,0,0,0,0,0,0,0,3,3,2,3,2,0,0,1,1,1
314,2,1,2,10,1,1,23,2,3,2,1,,0,0,0,0,,,1,0,0,0,1,0,0,3,3,3,9,0,0,3,0,0,0,0,0,0,0,1
315,2,1,2,10,1,2,70,0,3,2,1,,2,60.664001,0,1,3,3,0,0,1,1,1,0,1,1,1,3,5,1,0,3,1,3,1,1,1,1,1,1
316,2,1,2,10,2,1,35,1,2,3,1,,2,9,0,1,3,1,3,0,2,1,3,0,1,0,0,0,0,1,3,3,1,3,0,0,0,0,0,0
317,2,1,2,10,1,2,52,1,3,2,1,,2,2,0,3,3,3,5,0,4,3,3,0,3,2,0,2,4,1,2,3,1,3,1,0,0,0,0,1
318,2,1,2,10,1,1,29,1,3,1,1,,2,0.082999997,0,0,0,0,1,0,0,0,2,0,1,0,1,3,4,0,3,3,0,1,0,0,0,0,0,0
319,2,1,2,10,1,2,71,1,3,3,1,,2,0,0,3,4,4,20,0,3,4,3,0,4,2,1,2,5,1,2,3,1,3,1,0,0,0,0,0
320,2,1,2,10,2,1,40,0,3,1,1,,2,0.082999997,0,0,0,1,0,0,0,0,2,0,1,1,2,3,6,1,3,3,0,2,0,0,0,0,0,0
321,2,1,2,10,1,1,35,1,2,2,1,,0,0,0,0,,,3,0,0,0,0,0,0,0,0,0,0,1,3,3,1,3,1,0,0,0,0,1
322,2,1,2,10,1,2,71,1,3,3,1,,2,5,0,0,4,1,1,0,2,4,2,0,0,0,0,0,0,1,3,3,1,3,1,0,0,0,0,1
323,2,1,2,8,1,1,35,1,3,1,1,,2,22.747,0,2,1,3,3,0,2,3,1,0,3,3,3,3,9,1,2,4,2,3,1,0,0,0,0,0
323,2,1,2,10,1,1,35,0,3,3,1,,2,2.2490001,0,3,4,4,2,0,4,4,3,0,3,2,2,2,6,1,2,4,1,3,3,0,0,0,0,0
324,2,1,2,8,1,1,26,1,3,3,1,,2,0,0,0,2,3,5,0,4,4,1,0,2,1,1,3,5,0,2,3,1,3,1,0,0,0,0,0
324,2,1,2,10,1,2,52,0,3,3,1,,2,2.1659999,0,2,2,3,5,0,2,3,2,0,3,2,2,3,7,1,2,3,2,3,4,0,0,0,0,0
325,2,1,2,8,1,1,30,2,3,3,1,,2,3,0,3,0,3,14,0,4,4,3,0,4,2,3,2,7,0,1,3,2,3,0,0,0,0,0,1
325,2,1,2,10,2,1,35,1,3,3,1,,2,10,0,0,3,0,1,0,2,0,1,0,0,0,0,0,0,0,0,0,0,0,0,0,0,0,0,0
326,2,1,2,10,1,1,41,1,3,2,1,,0,0,0,2,,,6,0,3,3,3,0,3,2,2,2,6,1,2,3,2,3,2,0,0,0,0,0
327,2,1,2,10,1,2,52,1,3,2,1,,2,10,0,3,3,3,3,0,2,3,2,0,2,1,1,2,4,1,1,3,1,3,0,0,0,0,0,0
327,2,1,2,8,1,2,52,1,2,2,1,,2,5,0,0,3,3,1,0,2,3,2,0,2,1,0,0,1,0,2,2,0,2,0,0,0,0,0,0
328,2,1,2,10,1,1,41,0,3,3,1,,2,1,0,3,3,3,6,0,3,3,2,0,3,2,2,2,6,1,2,3,1,3,2,0,0,0,0,0
329,2,1,2,10,1,2,53,1,3,3,1,,2,5.7470002,0,2,3,3,14,0,2,3,2,0,3,2,1,2,5,1,2,3,1,3,1,0,0,0,0,0
330,2,1,2,10,2,1,35,1,3,2,1,,0,0,0,1,,,1,0,4,3,3,0,1,2,2,2,6,0,0,2,1,3,1,0,0,0,0,1
331,2,1,2,10,2,1,41,1,3,3,2,,2,15.747,0,2,3,3,4,0,0,2,0,0,2,0,0,0,0,1,3,3,2,3,2,0,0,0,0,0
332,2,1,2,10,1,1,35,0,3,2,1,,2,2,0,1,3,3,1,0,3,3,2,0,1,0,1,0,1,0,1,3,1,3,0,0,0,0,0,0
333,2,1,2,10,2,1,35,0,3,0,1,,2,2,0,0,3,1,1,0,1,2,0,0,1,0,0,0,0,1,2,3,1,3,1,0,0,0,0,0
334,2,1,2,10,1,1,35,0,3,3,1,,2,8,0,1,2,3,1,0,2,2,2,0,3,2,2,2,6,1,2,3,1,3,1,0,0,0,0,0
335,2,1,2,10,1,2,72,1,0,2,2,,0,0,0,0,,,4,0,0,2,0,0,2,0,0,0,0,0,3,3,1,3,0,0,0,0,0,1
336,2,1,2,10,1,1,41,1,3,2,1,,1,0,0,1,,,3,0,0,2,0,0,2,0,0,0,0,1,0,2,1,2,1,0,0,0,0,1
337,2,1,2,10,1,2,72,1,3,2,1,,2,3,0,2,3,3,4,0,3,3,3,0,3,3,2,2,7,1,0,3,2,3,2,0,0,0,0,0
338,2,1,2,10,1,1,41,1,3,3,1,,2,2,0,2,3,3,3,0,2,3,3,0,4,0,0,3,3,1,2,3,0,2,0,0,0,0,0,0
339,2,1,2,10,2,2,53,1,3,2,1,,1,0,0,0,,,12,1,2,3,2,0,2,2,2,2,6,1,3,2,0,2,0,0,0,0,0,1
340,2,1,2,10,2,1,35,0,3,3,1,,2,15,0,0,0,0,1,0,1,3,3,0,1,2,0,0,2,0,0,1,0,1,0,0,0,0,0,1
341,2,1,2,10,1,1,35,1,3,3,1,,0,0,0,2,,,1,0,2,3,2,0,2,2,2,2,6,0,2,3,1,3,1,0,0,0,0,0
342,2,1,2,10,1,1,41,1,2,2,1,,2,2,0,2,3,0,2,0,0,0,0,0,1,0,0,0,0,0,3,3,0,2,0,0,0,0,0,0
343,2,1,2,10,2,2,53,0,3,3,1,,0,0,0,0,,,3,0,2,2,0,0,2,0,0,0,0,0,3,2,1,3,3,0,0,0,0,0
344,2,1,2,8,2,1,26,0,3,3,1,,2,5,0,0,1,1,5,0,0,1,0,0,1,1,1,3,5,0,2,3,0,2,0,0,0,0,0,1
344,2,1,2,10,2,1,41,1,3,3,1,,0,0,0,2,,,1,0,1,2,0,0,1,0,0,0,0,0,2,2,1,2,1,0,0,0,0,1
345,2,1,2,8,2,1,26,0,3,3,1,,2,2,0,0,0,0,5,0,0,0,3,0,0,1,1,3,5,0,2,0,0,0,0,0,0,0,0,1
345,2,1,2,10,2,1,42,1,3,3,1,,2,5.7470002,0,0,3,3,14,0,0,3,2,0,2,0,0,0,0,0,1,3,2,2,0,0,0,0,0,0
346,2,1,2,10,2,1,35,0,3,3,1,,2,5,0,0,0,1,1,0,0,1,3,0,1,1,1,3,5,0,3,3,0,1,0,0,0,0,0,0
346,2,1,2,8,1,1,42,1,3,3,1,,2,16,0,3,3,3,11,0,3,3,3,0,3,3,2,2,7,1,3,1,2,3,0,0,0,0,0,1
347,2,1,2,8,2,1,23,0,3,1,1,,0,0,0,0,,,1,0,2,3,0,0,0,1,1,2,4,0,3,3,1,3,0,0,0,0,0,0
347,2,1,2,10,1,1,42,1,3,2,1,,2,0.249,0,1,3,3,7,0,1,1,3,0,2,2,1,3,6,0,3,2,0,2,0,0,0,0,0,0
348,2,1,2,8,2,1,30,2,3,2,0,,1,0,0,1,,,11,0,0,3,2,0,2,0,0,0,0,1,3,2,0,2,0,0,0,0,0,0
348,2,1,2,8,2,1,42,1,3,1,1,,2,10,0,0,2,0,7,0,1,0,3,0,1,1,1,3,5,0,2,0,0,3,1,0,0,0,0,1
349,2,1,2,8,2,1,26,1,2,3,1,,0,0,0,2,,,4,0,0,0,0,0,0,0,0,0,0,1,3,3,0,3,1,0,0,0,0,1
349,2,1,2,10,2,1,42,1,3,2,1,,2,3,0,0,3,2,6,0,1,3,2,0,2,0,0,0,0,0,2,3,0,2,0,0,0,0,0,0
350,2,1,2,8,2,1,26,1,3,3,1,,2,3.415,0,1,3,1,3,0,2,0,3,0,0,0,0,0,0,0,0,3,0,3,0,0,0,0,0,0
350,2,1,2,8,1,1,26,1,3,2,1,,2,2.4979999,0,0,2,3,2,0,1,3,0,0,2,0,0,0,0,0,0,3,0,2,0,0,0,0,0,0
350,2,1,2,10,1,2,53,0,3,2,1,,2,1,0,1,3,3,3,0,1,1,2,0,3,1,0,2,3,0,1,2,0,3,0,0,0,0,0,0
351,2,1,2,10,1,1,36,1,3,2,1,,2,13,0,2,3,3,11,0,2,3,2,0,3,0,1,2,3,0,3,3,2,3,1,0,0,0,0,0
352,2,1,2,8,2,1,26,1,3,0,1,,2,3,0,0,3,3,2,0,2,3,2,0,3,2,2,2,6,1,2,2,2,2,3,0,0,0,0,0
353,2,1,2,8,1,1,36,1,3,2,1,,2,2,0,1,3,3,9,0,0,3,2,0,2,2,2,2,6,0,2,2,0,3,1,0,0,0,0,0
353,2,1,2,10,1,1,42,1,2,2,1,,0,0,0,2,,,6,0,2,0,2,0,0,1,1,3,5,0,3,2,0,2,0,0,0,0,0,0
353,2,1,2,10,1,1,42,1,3,1,1,,2,6,0,1,4,0,4,0,2,1,2,0,3,1,1,3,5,0,3,3,0,3,0,0,0,0,0,1
354,2,1,2,8,1,1,20,0,3,3,1,,2,6,0,2,3,3,3,0,2,3,2,0,3,2,2,2,6,0,2,3,3,3,3,0,0,0,0,0
354,2,1,2,10,1,1,42,0,3,0,1,,2,2,0,2,2,2,2,0,2,2,2,0,2,2,2,2,6,0,2,3,1,3,2,0,0,0,0,0
355,1,2,1,3,1,1,36,1,3,3,1,,2,25,0,3,3,3,8,0,3,3,3,0,3,2,3,2,7,0,0,3,0,2,0,0,0,0,0,1
355,2,1,2,8,1,1,36,1,0,2,1,,2,3,0,0,2,2,5,0,0,2,0,0,2,0,0,0,0,0,3,2,0,2,0,0,0,0,0,0
355,2,1,2,10,2,1,36,0,3,3,1,,2,5,0,2,0,2,5,0,0,0,0,0,0,0,0,0,0,0,3,0,0,0,0,1,0,0,0,1
356,1,2,1,3,1,0,18,0,3,0,0,,2,18,0,0,1,1,1,0,2,2,0,0,1,0,0,0,0,0,2,2,0,1,1,0,0,0,0,0
356,2,1,2,8,2,1,26,1,3,3,1,,2,10,0,1,3,0,2,0,0,4,2,0,0,0,0,0,0,0,3,3,1,3,1,0,0,0,0,1
356,2,1,2,10,2,1,42,1,3,2,1,,0,0,0,1,,,1,0,0,3,0,0,1,0,0,0,0,0,3,2,1,2,1,0,0,0,0,1
357,1,2,1,3,1,1,20,0,3,1,0,,2,10.498,0,1,3,2,8,0,0,2,0,0,2,0,0,0,0,0,1,3,1,3,1,0,0,0,0,0
357,2,1,2,10,2,1,43,1,3,2,1,,2,0.498,0,0,3,2,16,0,0,3,3,0,3,2,3,2,7,0,3,3,2,3,1,0,0,0,0,0
357,2,1,2,8,1,2,54,1,3,2,1,,2,3,0,2,3,3,12,0,2,3,3,0,2,1,1,3,5,1,0,3,0,2,0,0,0,0,0,0
358,1,2,1,3,1,1,20,0,2,2,1,,0,0,0,0,,,0,0,0,2,0,0,1,0,1,3,4,0,2,3,0,3,1,0,0,0,0,1
358,2,1,2,8,1,1,36,0,3,3,1,,2,16,0,2,3,3,4,0,2,2,2,0,2,1,1,3,5,0,3,3,1,3,0,0,0,0,0,0
358,2,1,2,10,1,1,43,1,3,3,1,,2,25,0,3,1,3,7,0,1,1,1,0,1,1,1,3,5,1,0,3,0,2,0,0,0,0,0,1
359,1,2,1,3,1,0,18,0,3,3,0,,2,1.166,0,1,2,2,14,0,2,3,2,0,3,2,2,2,6,1,3,3,0,3,1,0,0,0,0,1
359,2,1,2,8,1,1,43,1,3,2,1,,2,1,0,2,3,3,3,0,2,3,2,0,3,2,2,2,6,0,0,2,1,3,1,0,0,0,0,0
359,2,1,2,10,2,2,74,0,2,3,2,,0,0,0,0,,,7,0,0,0,3,0,2,0,1,3,4,0,3,2,0,3,1,0,0,0,0,1
360,1,2,1,3,2,1,36,1,3,2,1,,0,0,0,1,,,3,0,0,3,2,0,2,0,0,0,0,0,3,3,1,2,0,1,0,0,0,1
360,2,1,2,10,2,1,36,1,3,3,1,,2,1,0,1,3,3,3,0,1,1,3,0,1,0,0,0,0,0,3,3,1,0,0,0,0,0,0,0
360,2,1,2,8,1,2,54,1,3,2,1,,1,0,0,1,,,6,0,0,3,2,0,2,0,2,0,2,1,3,2,0,2,0,0,0,0,0,0
360,2,1,2,8,2,2,54,1,3,3,1,,2,9,0,0,3,0,3,0,2,1,1,0,0,1,1,3,5,1,0,3,0,0,0,0,0,0,1,1
361,1,2,1,3,2,1,30,1,3,3,1,,2,20.497999,0,0,2,2,9,0,1,2,1,0,2,1,1,3,5,1,3,2,0,2,0,0,0,0,0,0
361,2,1,2,10,2,1,36,0,3,3,2,,2,8.1660004,0,1,2,2,3,0,1,1,0,0,2,1,1,3,5,0,3,2,1,2,1,0,0,0,0,0
361,2,1,2,8,1,2,54,1,3,3,1,,2,6.1659999,0,0,3,1,2,0,1,3,1,0,1,1,3,3,7,0,0,2,0,0,0,0,0,0,0,0
361,2,1,2,8,2,2,54,1,3,3,1,,2,18.166,0,2,2,3,2,0,2,2,0,0,2,2,2,2,6,0,2,2,1,2,2,0,0,0,0,0
362,2,1,2,10,2,1,30,0,3,3,1,,2,15,0,3,3,3,7,0,3,3,3,0,3,2,3,3,8,0,1,2,0,2,0,0,0,0,0,1
362,2,1,2,10,2,1,36,1,3,3,1,,2,12,0,2,3,3,3,0,2,3,3,0,3,0,0,0,0,0,2,3,1,2,0,0,0,0,1,1
362,1,2,1,3,1,1,43,0,3,3,1,,2,19,0,2,3,3,3,0,2,3,3,0,3,1,1,3,5,1,3,3,0,3,1,0,0,0,0,1
362,2,1,2,8,1,2,54,0,3,2,1,,0,0,0,1,,,1,0,2,3,2,0,3,2,2,2,6,0,2,3,1,2,1,0,0,0,0,1
363,1,2,1,3,2,1,43,1,3,3,1,,0,0,0,0,,,1,0,1,2,0,0,2,0,0,0,0,1,3,2,1,2,1,0,0,0,0,1
363,2,1,2,8,1,2,54,1,3,2,1,,0,0,0,1,,,1,0,1,1,0,0,2,0,0,0,0,0,3,2,1,2,1,0,0,0,0,1
364,1,2,1,3,1,1,30,0,3,2,1,,2,4.7470002,0,0,3,3,6,0,0,2,0,0,2,0,0,0,0,0,3,3,0,2,0,0,0,0,0,0
364,2,1,2,8,2,2,55,0,3,1,1,,2,30,0,3,3,3,14,0,3,3,3,0,3,2,1,3,6,0,0,3,2,3,0,0,0,0,0,1
364,2,1,2,10,2,2,55,1,3,3,1,,2,4,0,0,0,1,9,0,0,1,3,0,0,1,1,3,5,0,1,2,0,1,0,0,0,0,0,0
365,1,2,1,3,1,1,20,0,3,1,1,,2,9.1660004,0,0,3,2,3,0,0,3,1,0,2,0,0,0,0,0,0,3,1,3,1,0,0,0,0,0
365,2,1,2,8,1,2,55,1,3,3,1,,2,6,0,2,3,3,4,0,2,2,3,0,2,1,1,3,5,1,0,3,3,3,0,0,0,0,0,0
365,2,1,5,13,2,2,55,1,3,2,1,,2,1.166,0,2,2,3,2,0,3,3,2,0,3,2,2,2,6,0,3,2,1,2,1,0,0,0,0,0
366,1,2,1,3,2,1,26,0,3,3,1,,2,5.2490001,0,2,3,3,2,0,2,3,2,0,3,2,2,2,6,1,2,3,1,3,4,0,0,0,0,0
366,2,1,5,13,1,1,36,1,3,3,1,,2,5,0,2,3,3,2,0,2,3,1,0,1,0,1,2,3,0,2,3,3,2,0,0,0,0,0,0
366,2,1,2,8,1,2,55,1,3,2,1,,0,0,0,2,,,1,0,2,3,0,0,2,0,0,0,0,0,3,2,1,2,1,0,0,0,0,1
367,1,2,1,3,2,1,20,2,3,3,0,,2,6.7470002,0,0,3,3,2,0,3,3,3,0,0,1,1,3,5,0,1,1,0,1,0,0,0,0,0,1
367,2,2,5,13,1,1,30,1,3,1,1,,2,0.498,0,2,2,2,6,0,1,3,3,0,2,1,1,3,5,0,2,3,1,3,0,0,0,0,0,1
367,2,1,2,8,1,2,56,1,3,2,1,,2,2.4979999,0,0,3,2,9,0,2,3,1,0,3,0,1,0,1,0,2,2,0,2,2,0,0,0,0,0
368,1,2,1,3,1,1,20,1,3,2,1,,0,0,0,0,,,7,0,2,2,0,0,2,0,0,0,0,1,3,3,0,3,1,0,0,0,0,1
368,2,1,5,13,1,1,43,1,3,2,1,,0,0,0,0,,,1,0,1,1,0,0,1,0,0,0,0,0,2,1,1,3,1,0,0,0,0,1
368,2,1,2,8,2,2,56,1,3,2,1,,0,0,0,0,,,8,0,0,0,0,0,0,0,0,0,0,1,0,3,0,2,0,1,0,1,1,1
369,1,2,1,3,1,0,19,1,1,3,0,,2,3,0,3,3,3,4,0,3,0,3,0,3,0,0,3,3,1,1,3,0,2,0,0,0,0,0,0
369,2,1,5,13,1,2,57,1,3,3,1,,2,0,0,1,3,3,21,0,3,3,2,0,3,2,2,3,7,1,2,3,3,3,1,0,0,0,0,1
369,2,1,2,8,1,2,57,1,3,3,1,,2,0,0,1,3,3,16,0,2,3,3,0,3,2,2,2,6,1,2,3,3,3,2,0,0,0,0,0
370,1,2,1,3,1,1,20,1,3,3,1,,2,10.166,0,0,3,0,0,0,0,0,1,0,0,0,0,0,0,0,3,0,0,0,0,1,1,1,1,1
370,2,1,3,6,1,1,44,1,3,3,1,,2,12.581,0,0,3,3,13,0,1,3,2,0,3,1,2,2,5,0,3,3,3,3,1,0,1,0,0,0
370,2,1,5,13,2,1,44,1,2,2,2,,0,0,0,1,,,7,0,1,1,3,0,2,0,1,3,4,1,2,3,0,2,0,1,1,0,0,1
370,2,1,2,8,2,2,57,1,3,2,1,,2,20,0,0,0,2,10,0,1,1,3,0,1,1,1,3,5,0,3,0,2,0,0,0,0,0,0,0
371,1,2,1,3,1,1,26,2,3,1,1,,2,2,1,4,3,2,2,1,0,3,3,0,3,2,2,2,6,1,2,3,1,3,3,0,0,0,0,0
371,2,1,5,13,2,1,26,1,3,3,1,,2,3.1659999,0,4,4,4,2,0,4,4,3,0,3,2,2,3,7,1,3,4,1,4,1,0,0,0,0,0
371,2,1,2,8,2,1,45,1,3,3,1,,2,5.7470002,0,2,3,3,17,0,2,3,2,0,3,1,1,2,4,0,2,3,1,3,1,0,1,0,1,1
372,1,2,4,15,2,0,18,2,1,3,0,,2,1,0,1,3,2,8,0,2,3,2,0,3,0,2,0,2,1,2,2,0,3,0,0,0,0,0,0
372,2,1,5,13,2,1,30,1,3,2,1,,0,0,0,2,,,5,0,0,2,0,0,2,0,0,0,0,0,3,2,0,2,0,0,0,0,0,1
372,2,1,2,8,1,2,57,1,3,3,1,,2,20,0,2,3,3,4,0,2,3,2,0,3,2,3,2,7,0,0,2,0,3,1,0,0,0,0,0
373,2,1,5,13,2,1,30,0,3,2,1,,0,0,0,1,,,5,0,0,3,2,0,3,2,2,2,6,0,3,3,2,2,0,0,0,0,0,1
373,2,1,2,8,1,2,57,0,3,3,1,,2,0,0,0,3,3,3,0,0,3,1,0,2,1,2,2,5,0,0,2,0,2,0,0,0,0,0,0
374,2,1,5,13,2,1,26,1,3,3,1,,2,7,0,2,4,4,2,0,2,4,2,0,3,0,0,0,0,0,3,3,1,3,0,0,0,0,0,0
374,1,2,4,15,1,1,45,1,3,3,1,,2,35,0,2,3,3,14,0,2,2,2,0,3,2,2,2,6,0,2,3,2,3,1,0,0,0,1,0
374,2,1,2,8,2,2,57,1,3,3,1,,2,4,0,2,2,3,1,0,2,1,0,0,2,1,1,2,4,1,2,3,0,3,0,0,0,0,0,0
375,1,2,4,15,2,0,18,1,1,2,0,,0,0,0,0,,,7,0,0,0,3,0,0,3,2,2,7,0,3,3,2,2,0,0,0,0,0,1
375,2,1,5,13,2,1,26,1,0,3,0,,0,0,0,1,,,1,0,1,1,1,0,1,1,1,3,5,1,2,3,1,3,1,0,0,0,0,1
375,2,1,2,8,1,2,58,1,3,3,2,,2,1,0,2,3,3,5,0,1,1,2,0,0,0,1,0,1,0,3,3,1,3,1,0,0,0,0,0
376,1,2,4,15,2,0,17,0,3,1,0,,2,3,0,1,2,1,4,0,1,3,3,0,2,2,1,3,6,0,3,3,1,2,0,0,0,0,0,1
376,2,1,5,13,1,1,30,1,3,3,1,,2,0.249,0,2,3,3,5,0,2,3,2,0,2,2,2,2,6,0,2,3,1,3,3,0,0,0,0,0
376,2,1,2,8,1,2,58,0,3,3,1,,2,5.2490001,0,4,4,3,4,0,4,3,2,0,3,2,2,2,6,1,2,3,1,3,3,0,0,0,0,0
377,1,2,4,15,1,1,20,1,3,3,1,,2,3,0,0,3,0,0,0,0,0,0,0,0,0,0,0,0,0,3,0,1,3,0,0,0,0,1,1
377,2,1,2,8,1,2,58,0,3,3,1,,2,20,0,0,3,3,4,0,3,3,3,0,1,2,2,3,7,0,0,3,0,0,0,0,0,0,0,1
378,1,2,4,15,2,0,19,1,3,2,0,,2,5.1659999,0,1,3,3,4,0,2,3,2,0,2,1,0,0,1,0,1,3,2,3,0,0,0,0,0,0
378,2,1,2,8,2,1,36,0,3,3,1,,0,0,0,0,,,2,0,0,1,0,0,1,0,0,0,0,1,2,3,1,3,1,0,0,0,0,1
378,2,1,2,8,2,1,45,1,3,3,1,,2,10,0,2,3,3,14,0,2,3,2,0,3,2,2,2,6,1,2,3,1,3,3,0,0,0,0,0
379,1,2,4,15,1,1,23,0,3,1,1,,0,0,0,2,,,1,0,2,2,0,0,2,0,0,0,0,0,1,3,1,3,3,0,0,0,0,1
379,2,1,5,13,1,1,30,1,3,2,1,,2,1,0,1,3,2,5,0,0,3,2,0,2,0,2,0,2,1,1,3,0,2,0,0,0,0,0,0
379,2,1,5,13,2,1,30,2,3,3,1,,0,0,0,2,,,5,0,2,3,2,0,3,2,3,3,8,1,2,4,3,4,3,0,0,0,0,1
379,2,1,2,8,1,2,58,2,3,3,1,,0,0,0,1,,,3,0,3,3,2,1,3,2,2,2,6,1,2,3,1,3,2,0,0,0,0,0
380,1,2,4,15,1,1,26,1,3,2,1,,0,0,0,0,,,1,0,2,1,0,0,1,0,0,0,0,0,3,2,1,1,1,0,0,0,0,1
380,2,1,5,13,2,1,36,1,3,2,1,,0,0,0,0,,,1,0,0,0,0,0,0,0,0,0,0,0,3,3,3,1,0,0,0,0,0,1
380,2,1,2,8,1,2,58,1,3,3,1,,2,38.498001,0,1,4,1,2,0,2,3,2,0,1,1,3,0,4,1,3,3,1,3,1,0,0,0,0,1
381,1,2,4,15,2,1,20,1,3,2,1,,0,0,0,1,,,2,0,0,0,1,0,0,1,1,3,5,0,3,0,0,0,0,0,0,0,0,0
381,2,1,2,8,1,1,36,1,3,3,1,,1,0,0,2,,,1,0,2,3,3,0,3,3,0,2,5,1,3,3,1,3,1,0,0,0,0,1
381,2,1,5,13,1,1,45,1,3,2,1,,2,6.2490001,0,0,3,3,13,0,0,3,2,0,3,1,2,2,5,0,2,3,0,2,0,0,0,0,0,0
382,1,2,4,15,2,1,36,2,3,3,1,,0,0,0,2,,,1,0,1,1,2,0,2,0,1,0,1,0,1,3,0,3,0,0,0,0,0,1
382,2,1,5,13,1,1,45,0,3,3,1,,2,15.747,0,1,3,3,10,0,1,3,2,0,3,2,2,2,6,1,2,3,1,3,1,1,0,0,0,0
382,2,1,2,8,1,2,58,0,3,3,1,,2,20,0,2,2,2,1,0,2,2,3,0,3,2,1,3,6,0,0,0,0,1,0,0,0,0,0,1
383,2,1,5,13,2,1,30,1,3,3,1,,2,12,0,2,4,0,5,0,2,3,2,0,3,1,1,3,5,0,3,3,3,3,1,0,0,1,0,1
383,1,2,4,15,2,1,45,1,3,3,1,,2,2.0829999,0,3,2,2,7,0,3,4,3,0,4,3,2,2,7,1,2,3,3,3,4,0,0,0,0,0
383,2,1,2,8,2,2,59,1,3,3,1,,2,3,0,2,3,3,10,0,3,3,3,0,3,2,3,2,7,1,2,3,0,0,1,0,0,0,0,1
384,1,2,4,15,1,1,20,0,3,1,1,,2,9,0,0,4,0,0,0,0,0,0,0,0,1,1,3,5,0,3,0,0,0,0,1,0,1,1,0
384,2,1,5,13,1,1,45,1,3,3,1,,2,20.166,0,2,2,2,5,0,2,3,2,0,3,2,2,2,6,1,2,3,1,3,1,0,0,0,0,0
384,2,1,2,8,2,1,45,0,3,3,1,,2,3,0,2,3,3,5,0,3,3,2,0,3,2,2,3,7,1,2,3,3,3,3,0,0,0,0,0
385,1,2,4,15,1,0,18,0,0,1,1,,2,1.747,0,0,2,2,6,0,0,2,0,0,2,0,0,0,0,0,2,3,1,2,0,1,0,0,0,0
385,2,1,2,8,2,0,19,1,3,3,1,,2,5,0,2,4,0,4,0,4,1,3,0,0,1,1,3,5,1,3,3,1,3,0,0,0,0,0,1
385,2,1,2,8,1,1,36,1,3,3,1,,0,0,0,1,,,1,0,0,1,1,0,2,0,1,2,3,1,3,3,2,3,0,0,1,0,0,1
385,2,1,5,13,2,1,45,1,3,3,1,,2,3,0,0,4,0,4,0,3,4,2,0,4,2,0,0,2,0,0,3,3,3,1,1,1,0,0,0
386,2,1,3,7,2,1,26,2,3,3,1,,2,3.0829999,0,2,3,3,1,0,3,3,3,0,3,2,2,2,6,1,3,3,1,3,1,0,0,0,0,0
386,1,2,4,15,1,2,59,1,3,3,1,,2,3,0,1,3,3,9,0,2,1,2,0,3,0,2,3,5,0,2,3,0,2,0,0,0,0,0,0
387,1,2,4,15,2,0,18,1,3,3,0,,2,3.4979999,0,1,3,1,1,0,1,3,1,0,1,1,0,3,4,1,3,2,0,2,0,0,0,0,0,1
387,1,2,4,15,2,0,18,0,0,3,0,,0,0,0,0,,,1,0,0,2,0,0,2,0,0,0,0,0,1,2,1,1,1,0,0,0,0,1
387,2,1,3,7,1,1,45,0,3,3,1,,2,3.4979999,0,3,3,3,4,0,1,3,2,0,3,2,2,2,6,1,2,3,1,3,2,0,0,0,0,0
387,2,1,2,8,1,1,45,0,3,3,1,,0,0,0,2,,,3,0,2,2,2,0,2,2,2,2,6,0,2,2,1,3,2,0,0,0,0,1
388,1,2,4,15,2,0,14,0,0,3,0,,2,0,0,0,3,3,0,0,0,2,0,0,2,0,0,0,0,0,3,3,1,3,1,1,0,0,0,0
388,2,1,3,7,1,1,36,1,3,3,1,,2,6,0,1,2,2,1,0,3,3,2,0,3,2,2,2,6,0,2,3,2,3,1,0,0,0,0,0
388,2,1,2,8,1,2,59,1,3,2,1,,2,0.498,0,1,3,3,5,0,2,3,2,0,3,2,2,2,6,0,0,3,2,3,3,0,0,0,0,0
389,1,2,4,15,2,1,20,0,3,1,1,,2,3,0,0,0,0,7,0,0,1,3,0,0,0,0,0,0,0,3,1,0,1,0,0,0,0,0,1
389,2,1,2,8,2,1,45,0,3,1,1,,2,0,0,2,3,4,3,0,1,3,2,0,4,2,2,2,6,0,0,4,0,4,1,0,1,0,1,1
389,2,1,3,7,1,2,74,1,3,2,1,,2,30,0,1,2,2,7,0,1,2,3,0,3,2,1,3,6,0,1,1,0,1,0,0,0,0,0,0
390,1,2,4,15,2,1,26,1,3,2,1,,1,0,0,2,,,1,0,1,3,2,0,3,0,1,0,1,1,3,3,2,3,0,0,0,0,0,1
390,2,1,2,8,2,1,36,1,3,3,1,,0,0,0,0,,,1,0,2,2,2,1,2,2,2,3,7,0,2,2,1,2,1,0,0,0,0,1
390,2,1,3,7,1,2,74,1,3,2,1,,2,10,0,2,3,3,5,0,2,3,2,0,3,2,1,2,5,1,0,3,2,3,1,0,0,0,0,0
391,2,1,3,7,2,1,23,0,3,1,0,,2,2,0,1,1,1,1,0,0,1,3,0,1,1,1,3,5,0,3,1,0,1,0,0,0,0,0,1
391,2,1,3,6,1,1,45,1,3,2,1,,2,1,0,1,3,2,2,0,0,3,1,0,2,0,0,0,0,0,3,3,0,3,1,0,1,0,0,0
391,1,2,4,15,1,1,45,1,3,3,1,,0,0,0,0,,,2,0,1,2,0,0,3,2,2,2,6,0,2,2,1,2,1,0,0,0,0,1
392,2,1,3,6,2,1,45,1,3,2,1,,2,2.0829999,0,2,3,3,2,0,2,3,2,1,3,2,3,3,8,0,3,3,3,3,4,0,0,0,0,0
392,1,2,4,15,2,1,45,0,3,3,1,,2,6,0,0,0,0,2,0,0,1,3,0,0,1,1,3,5,0,3,3,0,0,0,0,0,0,0,1
393,1,2,4,15,2,1,20,1,3,2,1,,0,0,0,0,,,6,0,0,0,0,0,2,0,0,0,0,0,3,2,0,3,1,0,0,0,0,1
393,2,1,3,6,2,2,59,1,3,3,1,,2,54,0,0,4,0,4,0,1,1,1,0,1,1,1,3,5,0,3,3,1,3,0,0,0,0,0,1
394,1,2,4,15,2,1,24,1,3,3,1,,0,0,0,1,,,11,0,2,3,3,0,2,0,0,0,0,1,3,3,3,3,1,0,0,0,0,1
394,2,1,3,6,2,1,45,1,3,3,1,,0,0,0,0,,,1,0,0,2,0,0,2,0,0,0,0,0,3,2,1,2,1,0,0,0,0,1
395,1,2,4,15,2,1,26,0,3,3,1,,0,0,0,2,,,1,0,2,2,0,0,3,0,0,0,0,0,1,3,1,3,1,0,0,0,0,1
395,2,1,3,6,1,1,30,1,3,3,1,,1,0,0,0,,,4,0,0,2,0,0,2,0,0,0,0,0,3,2,0,2,0,0,0,0,0,0
396,1,2,4,15,1,1,21,0,3,2,0,,2,1,0,2,3,3,14,0,2,3,1,0,2,1,0,0,1,0,3,2,0,3,1,0,0,0,0,0
396,2,1,3,6,1,1,36,1,3,3,1,,0,0,0,0,,,1,0,1,1,1,0,3,1,1,3,5,0,2,2,1,2,2,0,0,0,0,0
397,1,2,4,15,2,0,18,1,1,3,0,,2,8,0,2,3,3,4,0,1,3,2,0,2,1,0,0,1,1,0,3,0,3,0,0,0,0,0,0
397,2,1,3,6,1,1,45,0,3,1,1,,0,0,0,0,,,1,0,0,0,0,0,0,0,0,0,0,0,2,0,1,2,1,0,0,0,0,1
398,1,2,4,15,2,0,15,1,1,2,0,,2,0.498,0,1,0,0,3,0,1,0,3,0,0,1,1,3,5,0,1,0,0,0,0,0,0,0,0,0
398,2,1,3,6,2,1,24,0,3,3,1,,2,0,0,0,3,2,11,0,3,3,2,0,3,2,1,2,5,0,3,2,0,3,1,0,0,0,0,1
399,1,2,4,15,2,0,18,0,3,3,0,,2,18.166,0,2,2,2,1,0,2,2,0,0,2,2,2,2,6,0,2,3,1,2,1,0,0,0,0,0
399,2,1,3,6,2,1,36,0,3,3,1,,2,10.664,0,2,3,3,1,0,3,3,2,0,3,2,2,2,6,0,2,3,1,3,3,0,0,0,0,0
400,1,2,4,15,2,0,14,0,3,3,1,,0,0,0,0,,,0,0,2,1,0,0,1,1,1,3,5,0,3,2,0,2,0,0,0,0,0,0
400,2,1,3,7,1,1,30,1,3,2,1,,0,0,0,0,,,4,0,0,2,0,0,2,0,0,0,0,0,3,3,0,2,0,0,0,0,0,1
400,2,1,3,6,2,1,36,1,3,3,1,,2,0,0,1,3,1,1,0,4,4,2,0,4,2,1,2,5,0,2,1,0,1,0,1,0,0,0,1
401,1,2,4,15,2,0,19,2,3,3,0,,2,6,0,0,0,1,4,0,0,0,3,0,0,0,0,0,0,0,3,3,0,1,0,0,0,0,0,1
401,2,1,3,7,2,1,30,1,3,2,0,,2,2,0,2,3,3,4,0,2,3,2,1,3,2,2,2,6,1,2,3,6,3,4,0,0,0,0,0
401,2,1,3,6,1,1,45,0,3,3,1,,2,3.1659999,0,3,3,3,1,0,2,3,2,0,2,2,2,2,6,1,2,3,1,3,3,0,0,0,0,0
402,1,2,4,15,2,0,18,0,3,1,0,,2,10,0,0,4,0,1,0,0,0,0,0,0,0,0,0,0,0,0,3,1,3,2,0,0,1,0,1
402,2,1,3,6,1,1,45,1,3,3,1,,0,0,0,2,,,1,0,1,3,2,0,3,2,2,3,7,1,2,3,1,3,3,0,0,0,0,0
403,1,2,4,15,2,1,20,1,3,1,1,,2,3,0,0,3,0,2,0,0,0,0,0,0,0,0,0,0,0,3,3,1,3,1,0,0,1,0,0
403,2,1,3,6,1,1,24,2,1,2,0,,0,0,0,0,,,9,0,0,2,0,0,2,0,0,0,0,0,3,3,1,2,0,0,0,0,0,1
403,2,1,3,7,1,2,74,0,3,2,2,,2,1.498,0,2,3,3,1,0,2,3,2,0,3,1,1,2,4,0,2,2,0,2,0,0,0,0,0,0
404,1,2,4,15,2,1,21,0,0,3,0,,2,8.4980001,0,1,3,3,14,0,1,3,2,0,3,2,2,2,6,1,2,3,1,2,0,0,0,0,0,0
404,2,1,3,7,1,1,30,1,3,3,1,,2,7,0,0,4,1,4,0,1,3,3,0,1,1,1,3,5,0,0,3,1,3,1,1,0,0,1,1
404,2,1,3,6,2,2,59,1,3,2,1,,2,2,0,3,3,3,3,0,2,3,2,0,3,0,0,0,0,1,2,3,1,3,1,0,0,0,0,0
405,1,2,4,15,1,1,21,1,3,2,1,,2,2.747,0,0,2,2,11,0,2,3,2,0,3,0,0,0,0,0,3,3,2,3,1,0,0,0,0,0
405,2,1,3,7,2,1,37,1,3,3,1,,2,0,1,1,3,3,17,0,2,3,2,0,3,2,2,2,6,0,2,3,2,3,1,0,0,0,0,0
405,2,1,3,6,1,2,59,1,3,1,1,,2,40.581001,0,1,3,3,3,0,1,3,3,0,1,1,3,3,7,0,1,1,0,1,0,1,0,0,0,1
406,1,2,4,15,1,0,19,1,0,3,0,,2,4,0,0,4,0,3,0,2,0,1,0,0,1,1,3,5,0,3,3,1,3,0,0,0,0,0,1
406,2,1,3,7,2,1,30,0,3,1,1,,2,0.66399997,0,1,3,1,4,0,0,1,1,0,1,0,0,0,0,1,3,3,0,3,0,0,0,0,0,1
406,2,1,3,6,1,2,59,1,3,3,1,,2,0.58099997,0,1,3,3,3,0,1,1,1,1,1,1,0,0,1,0,3,3,1,3,0,0,0,0,0,0
407,2,1,3,7,1,1,30,0,3,3,1,,2,5,0,0,4,0,4,0,2,0,2,0,1,1,0,3,4,0,3,3,1,3,0,0,0,0,0,0
407,2,1,3,6,2,1,45,0,3,3,1,,2,10,0,1,1,1,1,0,2,2,2,0,2,2,1,2,5,1,2,3,1,3,2,0,0,0,0,0
407,1,2,4,15,1,2,75,0,0,2,2,,2,6.7470002,0,1,2,2,3,0,0,2,0,0,2,0,0,0,0,0,2,2,0,2,0,0,0,0,0,0
408,1,2,4,15,1,1,30,1,3,3,1,,2,5,0,2,4,0,4,0,4,4,3,0,4,2,3,3,8,1,3,3,0,3,0,0,0,0,0,1
408,2,1,3,7,1,1,30,0,3,3,1,,2,5,0,0,0,0,4,0,0,1,2,0,2,1,1,3,5,0,2,1,0,2,0,0,0,0,0,1
408,2,1,3,6,2,1,37,1,2,2,1,,0,0,0,0,,,10,0,0,0,3,0,0,3,2,3,8,0,3,2,0,3,0,0,0,0,0,0
409,1,2,4,15,2,1,20,0,3,3,1,,2,10.083,0,3,3,3,2,0,3,3,2,0,3,2,2,2,6,1,2,3,1,3,3,0,0,0,0,0
409,2,1,3,7,1,1,30,0,3,3,1,,2,5.4980001,0,1,3,1,3,0,1,3,1,0,1,3,1,3,7,1,2,1,0,1,0,0,0,1,0,0
409,2,1,3,6,2,1,37,1,3,2,1,,2,4.8299999,0,0,3,3,6,0,0,2,0,0,2,0,0,0,0,0,3,3,0,3,1,0,0,0,0,0
410,1,2,4,15,1,1,24,1,3,2,1,,0,0,0,2,,,9,0,1,3,2,0,3,2,0,2,4,0,3,3,2,3,0,0,0,0,0,1
410,2,1,3,7,1,1,37,1,3,2,1,,2,18,0,0,0,3,6,0,0,0,0,0,0,0,1,3,4,0,0,3,1,2,0,0,0,0,0,0
410,2,1,3,6,2,1,37,1,3,3,1,,2,2,0,2,3,3,5,0,0,1,2,0,1,0,1,3,4,1,3,2,0,2,0,0,0,0,0,0
411,1,2,4,15,1,1,21,2,1,3,0,,2,0,0,2,3,2,8,0,2,3,3,0,3,1,2,3,6,0,1,3,1,3,1,0,0,0,0,0
411,2,1,3,6,2,1,37,1,3,2,1,,2,1,0,0,3,3,3,0,0,0,0,0,0,0,0,0,0,0,3,3,0,3,0,0,0,0,0,0
411,2,1,3,7,1,2,59,1,3,2,1,,0,0,0,1,,,2,0,1,1,0,0,1,0,0,0,0,0,3,2,1,2,0,0,0,0,0,0
412,1,2,4,15,2,1,21,1,3,2,1,,0,0,0,0,,,5,0,0,3,2,0,2,0,0,0,0,0,3,2,0,2,0,0,0,0,0,0
412,2,1,3,7,1,1,45,1,3,3,1,,2,5.1659999,0,3,3,3,1,0,2,3,2,0,3,2,2,2,6,0,2,3,1,3,2,0,0,0,0,0
412,2,1,3,6,2,1,45,0,3,3,1,,0,0,0,0,,,0,0,0,0,0,0,0,0,0,0,0,1,2,3,1,2,0,0,0,0,0,1
413,1,2,4,15,1,1,20,1,3,3,0,,0,0,0,0,,,6,0,1,1,3,0,2,0,0,2,2,0,2,3,0,2,0,0,0,0,0,1
413,2,1,3,6,2,1,45,0,3,1,2,,2,0.16599999,0,1,3,2,0,0,1,3,3,0,3,1,1,3,5,1,3,3,0,3,0,0,0,0,0,0
414,1,2,4,15,2,0,18,1,3,1,0,,0,0,0,0,,,1,0,0,1,3,0,1,0,1,3,4,0,3,1,0,1,0,0,0,0,0,0
414,2,1,3,6,2,2,59,0,0,2,2,,0,0,0,0,,,1,0,0,2,0,0,2,0,0,0,0,0,3,2,0,2,0,1,0,0,0,0
415,1,2,4,15,2,1,24,1,3,2,1,,0,0,0,0,,,5,0,0,2,0,0,2,0,0,0,0,0,3,2,0,2,0,0,0,0,0,0
415,2,1,3,6,2,2,59,1,3,3,1,,2,0.41499999,0,2,3,3,1,0,2,2,2,0,3,0,1,2,3,0,2,3,0,3,0,0,0,0,0,0
416,1,2,4,15,2,1,26,0,3,1,1,,2,2,0,0,0,0,1,0,2,1,3,0,0,1,1,3,5,0,3,3,0,2,0,0,0,0,0,1
416,2,1,3,6,2,1,37,1,3,2,1,,2,1.249,0,2,3,3,3,0,2,3,2,0,3,1,1,2,4,0,1,3,0,3,0,0,0,0,0,0
417,1,2,4,15,1,1,26,1,3,2,1,,0,0,0,0,,,0,0,0,0,0,0,0,0,0,0,0,0,1,1,0,3,0,0,0,0,0,1
417,2,1,3,6,2,2,60,1,3,2,1,,0,0,0,1,,,11,0,1,2,3,0,2,3,3,2,8,0,3,2,0,3,1,0,0,0,0,0
418,1,2,4,15,2,1,24,1,3,1,1,,2,3,0,3,3,3,5,0,3,3,2,0,3,2,2,2,6,1,3,3,1,3,2,0,0,0,0,0
418,2,1,3,6,2,1,37,1,3,3,1,,2,22,0,1,3,3,3,0,2,3,2,0,3,1,1,0,2,0,2,3,0,3,0,0,0,0,0,0
419,1,2,4,15,2,1,24,1,3,3,1,,2,5,0,2,2,3,3,0,2,2,2,0,3,2,2,2,6,0,2,3,1,3,3,0,0,0,0,0
419,2,1,3,6,2,2,60,1,3,2,1,,0,0,0,1,,,11,0,1,2,3,0,2,3,3,2,8,0,3,2,0,3,1,0,0,0,0,0
420,1,2,4,15,1,1,20,1,3,1,1,,2,2,0,1,4,0,2,0,1,4,1,0,0,1,1,3,5,0,3,3,1,3,0,0,0,0,0,1
420,2,1,3,6,1,1,46,1,3,3,1,,2,20.497999,0,2,3,3,20,0,2,3,2,0,3,2,2,2,6,0,3,3,3,3,2,0,0,0,0,0
421,2,1,3,6,1,1,26,0,3,3,1,,2,12.249,0,1,3,1,0,0,1,0,2,0,0,0,1,3,4,1,2,3,0,2,0,0,0,0,0,1
421,1,2,4,15,1,2,60,1,3,3,1,,2,40,0,1,4,4,6,0,0,4,1,0,1,1,1,3,5,1,3,3,2,3,2,0,0,0,0,0
422,2,1,3,6,1,1,46,1,3,3,1,,2,9.415,0,1,3,3,17,0,2,3,2,0,3,1,1,3,5,1,2,3,1,3,1,0,0,0,0,0
422,1,2,4,15,1,1,46,0,3,3,1,,2,20.664,0,0,3,3,16,0,1,3,2,0,3,2,2,2,6,1,3,3,3,3,2,0,0,0,0,0
423,1,2,4,15,1,1,24,0,3,2,1,,0,0,0,0,,,2,0,0,2,0,0,2,0,0,0,0,0,3,3,0,2,0,0,0,0,0,1
423,2,1,3,6,1,2,60,0,3,3,1,,2,30,0,1,3,3,6,0,2,3,3,0,1,3,3,3,9,0,0,3,3,3,2,0,0,0,0,1
424,1,2,4,15,1,1,24,1,3,3,2,,0,0,0,0,,,2,0,0,0,0,0,0,0,0,0,0,0,2,0,0,0,0,0,0,0,0,1
424,2,1,3,6,2,2,60,1,3,2,1,,2,20.166,0,2,3,3,5,0,2,3,2,1,3,3,3,2,8,1,2,3,2,3,3,0,0,0,0,0
425,1,2,4,15,1,0,19,1,3,1,1,,2,3,0,1,1,1,3,0,0,0,2,0,0,1,1,3,5,1,3,3,0,3,0,0,0,0,0,1
426,1,2,4,15,2,0,18,1,3,3,0,,2,2,0,1,0,3,3,0,2,1,3,0,2,0,1,0,1,1,0,3,0,2,0,0,0,0,0,0
426,2,1,3,6,1,2,60,1,3,2,1,,2,10,0,1,1,1,5,0,1,1,1,0,1,1,1,3,5,0,3,1,0,1,0,0,0,0,0,0
427,2,1,2,5,1,1,20,0,3,3,1,,0,0,0,3,,,6,0,3,3,1,0,3,2,2,2,6,0,2,3,1,3,3,0,0,0,0,1
427,2,1,3,6,1,1,21,1,3,3,1,,2,5,0,1,1,2,5,0,3,3,3,0,3,2,2,3,7,1,3,0,0,1,0,0,0,0,0,1
428,2,1,2,5,2,0,14,1,1,3,0,,2,3,0,2,1,1,11,0,3,3,3,0,3,3,1,3,7,1,0,3,0,1,1,0,0,0,0,1
428,2,1,3,6,1,2,60,1,3,3,1,,2,20,0,3,4,0,5,0,3,0,3,0,3,2,1,3,6,0,3,3,3,3,2,0,1,1,0,1
429,2,1,2,5,2,0,15,1,1,3,0,,2,5.4980001,0,2,3,3,15,0,2,3,2,0,3,2,2,2,6,0,3,3,3,3,0,0,0,0,0,0
429,2,1,3,6,1,1,30,1,3,3,1,,2,6,0,0,3,1,3,0,0,3,2,0,1,0,0,0,0,0,0,3,1,3,0,0,0,0,0,1
430,2,1,2,5,1,1,27,1,3,2,1,,2,1,0,1,3,3,11,0,3,3,3,0,3,3,1,3,7,0,0,3,2,0,0,0,0,0,0,0
430,2,1,3,6,1,2,60,0,3,3,1,,2,0.249,0,3,3,3,5,0,3,3,2,0,3,3,3,3,9,1,2,4,2,4,3,0,0,0,0,0
431,2,1,2,5,1,0,18,0,3,3,0,,0,0,0,3,,,3,0,3,3,2,0,2,2,1,3,6,1,2,3,2,3,4,0,0,0,0,0
431,2,1,3,6,2,2,60,0,3,3,1,,2,10,0,2,4,0,4,0,2,4,1,0,3,1,1,3,5,0,3,3,3,3,2,0,0,0,0,1
432,2,1,2,5,2,0,15,2,1,2,0,,2,1,0,0,3,1,1,0,3,3,2,0,3,2,0,2,4,1,0,2,0,2,0,0,0,0,0,0
432,2,1,3,6,1,1,30,2,3,3,1,,2,15.249,0,2,3,3,3,0,3,3,3,0,3,3,3,3,9,1,2,3,1,3,3,0,0,0,0,0
433,2,1,2,5,2,0,15,1,0,2,0,,0,0,0,2,,,1,0,2,3,0,0,2,0,0,0,0,0,2,2,1,2,1,0,0,0,0,1
433,2,1,3,6,1,2,60,1,3,3,1,,2,10,0,2,4,4,4,0,2,4,1,0,3,1,1,3,5,0,2,3,3,3,3,0,0,0,1,1
434,2,1,2,5,2,0,15,1,1,2,0,,2,2,0,0,0,0,0,0,0,0,0,0,0,0,0,0,0,0,2,3,1,0,0,0,0,0,0,0
434,2,1,3,6,2,1,37,1,3,3,1,,2,4,0,1,3,3,2,0,0,2,0,0,2,0,0,0,0,0,3,2,0,2,0,1,0,0,0,0
435,2,1,3,6,2,1,30,1,3,3,1,,0,0,0,0,,,2,0,1,3,2,0,3,2,1,2,5,0,3,3,0,3,2,0,0,0,0,1
435,2,1,2,5,2,2,60,0,3,3,2,,2,0.66399997,0,2,2,3,4,0,3,3,2,0,3,2,2,2,6,0,2,3,2,3,3,0,0,0,0,0
436,2,1,3,6,2,0,16,0,3,3,0,,2,8,0,3,3,3,8,0,1,1,3,0,3,2,2,3,7,0,3,3,2,3,1,0,0,0,0,1
436,2,1,2,5,2,0,18,0,3,3,1,,0,0,0,0,,,0,0,0,0,1,0,1,0,0,0,0,0,2,1,0,1,0,0,0,0,0,0
437,2,1,2,5,2,1,20,0,3,0,1,,0,0,0,2,,,1,0,2,2,0,0,2,0,0,0,0,0,3,2,1,2,1,0,0,0,0,1
437,2,1,3,6,2,1,30,1,3,3,1,,0,0,0,2,,,2,0,2,3,2,0,3,0,0,0,0,0,2,3,1,3,1,0,0,0,0,1
438,2,1,2,5,1,0,17,1,0,2,1,,2,0,0,0,3,2,1,0,0,2,0,0,2,0,0,0,0,0,3,3,1,2,0,0,0,0,0,0
438,2,1,3,6,2,1,21,0,3,3,1,,2,0.082999997,0,2,3,3,4,0,3,3,2,0,3,2,2,2,6,0,2,3,1,3,2,0,0,0,0,0
439,2,1,2,5,1,0,19,2,3,3,0,,2,15.747,0,2,4,4,18,0,4,4,2,0,4,2,2,2,6,0,2,2,2,4,1,0,0,0,0,0
439,2,1,3,6,1,1,30,1,3,3,1,,2,4.664,0,1,1,1,2,0,3,3,2,0,1,1,0,0,1,1,1,3,1,1,0,0,0,0,0,1
440,2,1,2,5,1,1,20,1,3,3,0,,2,0.41499999,0,3,3,3,6,0,3,3,2,0,2,2,2,3,7,1,2,4,3,3,3,0,0,0,0,0
440,2,1,3,6,1,1,30,0,3,3,1,,2,6,0,0,4,0,2,0,0,0,1,0,0,1,1,3,5,0,1,0,0,0,0,0,0,0,0,0
441,2,1,2,5,2,0,14,0,0,1,0,,2,8,0,1,3,1,6,0,0,0,1,0,1,1,1,3,5,1,3,3,0,1,0,0,0,0,0,1
441,2,1,3,6,1,2,60,1,3,3,1,,2,0.249,0,1,1,0,4,0,0,0,3,0,2,1,1,3,5,0,3,3,2,0,0,0,0,0,0,0
442,2,1,3,6,1,1,24,1,3,3,0,,2,3.4979999,0,1,1,1,2,0,3,1,3,0,1,1,1,3,5,1,1,3,0,1,0,0,0,0,0,0
442,2,1,2,5,1,1,38,1,3,2,1,,2,0.66399997,0,2,3,3,11,0,3,3,3,0,3,2,1,3,6,1,0,1,0,2,0,0,0,0,0,0
443,2,1,2,5,1,1,21,0,3,1,1,,2,5,0,0,1,1,4,0,0,0,0,0,1,1,1,3,5,1,3,1,0,1,0,0,0,0,0,1
443,2,1,3,6,2,1,30,0,3,3,1,,2,15,0,0,1,1,2,0,0,0,3,0,1,1,0,0,1,0,2,3,0,1,0,0,0,0,0,1
444,2,1,2,5,1,1,38,0,3,1,1,,2,5,0,0,0,1,10,0,1,1,3,0,0,2,1,3,6,0,3,3,2,1,0,0,0,0,0,0
445,2,1,2,5,1,0,15,1,0,3,0,,2,4,0,0,3,2,9,0,0,2,2,0,3,2,2,2,6,1,1,3,2,3,1,0,0,1,0,0
446,2,1,2,5,1,1,20,1,2,2,1,,2,3.1659999,0,1,3,3,1,0,2,3,2,0,2,1,1,2,4,1,1,3,1,3,0,0,0,0,0,0
447,2,1,2,5,1,0,16,1,1,2,0,,2,0.498,0,1,2,2,5,0,0,3,2,0,3,2,0,0,2,0,1,3,0,3,1,0,0,0,0,0
448,2,1,2,5,1,2,60,1,3,2,1,,2,0.66399997,0,1,3,3,3,0,2,3,2,0,3,0,3,2,5,1,2,2,1,2,3,0,0,0,0,0
449,2,1,2,5,2,0,14,1,1,2,0,,2,3,0,2,3,2,2,0,1,3,1,0,1,0,0,0,0,0,1,3,1,3,0,0,0,0,0,0
450,2,1,2,5,1,0,14,1,1,2,0,,2,0.74699998,0,1,2,2,2,0,1,2,1,0,2,1,1,2,4,0,3,2,0,3,1,1,0,0,0,0
451,2,1,2,5,1,1,24,1,3,2,1,,0,0,0,0,,,2,0,0,0,1,0,0,1,1,3,5,1,3,3,2,2,0,0,0,0,0,1
452,2,1,2,5,2,0,14,1,1,3,0,,2,10,1,3,3,3,7,0,2,3,2,1,3,2,1,3,6,0,0,3,1,3,1,0,0,0,0,0
453,2,1,2,5,1,1,38,0,3,1,1,,2,3,0,1,1,1,10,0,0,0,3,0,0,1,1,3,5,1,3,3,1,2,0,0,0,0,0,0
454,2,1,2,5,1,0,14,1,1,1,0,,2,3,0,0,0,0,5,0,0,0,3,0,3,2,1,3,6,1,2,2,0,0,0,0,0,0,0,0
455,2,1,2,5,1,0,14,1,1,2,0,,2,5,0,3,3,3,11,1,3,2,2,0,2,2,2,3,7,0,3,3,1,2,0,0,0,0,0,0
456,2,1,2,5,1,1,20,0,3,1,0,,0,0,0,1,,,1,0,2,0,3,0,2,1,0,3,4,1,2,3,0,3,1,0,0,0,0,1
457,2,1,2,5,1,1,21,1,3,3,1,,2,10,0,2,0,1,2,0,0,3,3,0,3,2,1,2,5,0,0,3,0,1,0,0,0,0,0,1
458,2,1,2,5,2,0,14,1,1,2,0,,0,0,0,1,,,2,0,1,1,2,0,2,1,1,3,5,0,3,0,0,0,0,0,0,0,0,0
459,2,1,2,5,2,1,20,0,3,1,0,,2,0.498,0,3,0,1,6,0,3,3,2,0,1,1,3,3,7,0,0,3,1,3,0,0,0,0,0,1
460,2,1,2,5,1,1,30,1,3,2,1,,0,0,0,0,,,1,0,0,1,2,0,2,2,2,2,6,0,2,3,1,2,1,0,0,0,0,1
461,2,1,2,5,1,0,14,1,1,3,0,,2,4,0,0,1,0,4,0,0,0,1,0,1,1,1,3,5,0,1,2,1,2,0,0,0,0,0,0
462,2,1,2,5,2,0,14,1,1,2,0,,1,0,0,0,,,3,0,0,2,0,0,3,0,0,0,0,0,3,2,0,3,1,1,1,0,0,1
463,2,1,2,5,2,0,14,0,0,1,0,,2,0,0,0,2,2,7,0,0,2,0,0,2,0,0,0,0,0,2,2,2,3,1,0,0,0,0,0
463,2,1,2,5,2,0,16,1,1,2,1,,2,2,0,0,0,0,5,0,2,1,2,0,1,3,1,3,7,0,1,3,2,2,0,0,0,0,0,0
464,2,1,2,5,1,1,30,1,3,3,1,,2,3,0,2,3,3,1,0,1,0,3,0,2,0,1,2,3,0,3,3,1,3,1,0,0,0,0,0
465,2,1,2,5,1,0,19,1,0,2,0,,2,1.498,0,1,3,3,2,0,2,0,2,0,2,0,1,2,3,0,3,2,1,2,0,0,0,0,0,0
466,2,1,2,5,1,2,76,1,3,2,1,,2,13.581,0,2,3,3,13,0,2,3,2,0,3,1,2,3,6,0,2,3,0,2,0,0,0,0,0,0
467,2,1,2,5,2,2,60,0,3,3,1,,0,0,0,2,,,3,0,3,4,3,1,3,3,3,3,9,1,3,4,2,4,4,0,0,0,0,1
468,2,1,2,5,1,1,30,0,3,3,1,,0,0,0,0,,,1,0,1,0,3,0,1,3,3,3,9,0,2,2,0,3,1,0,0,0,0,0
469,2,1,2,5,1,1,27,1,3,1,1,,2,8.2489996,0,3,3,3,7,0,3,3,2,0,3,2,2,2,6,0,2,3,1,3,3,0,0,0,0,0
470,2,1,2,5,1,2,60,1,3,3,1,,2,10,0,3,3,4,3,0,3,3,1,0,3,1,1,3,5,0,0,3,3,3,3,0,1,1,1,1
471,2,1,2,5,2,0,19,1,2,3,0,,0,0,0,0,,,2,0,0,0,2,0,1,0,1,0,1,0,3,3,1,2,0,0,0,0,0,1
472,2,1,2,5,1,2,76,0,2,2,1,,0,0,0,0,,,2,0,0,0,2,0,0,0,1,3,4,0,3,2,0,0,0,0,0,0,0,0
473,2,1,2,5,1,2,60,1,3,3,1,,2,8,0,2,4,0,3,0,2,4,3,0,1,1,3,3,7,0,3,3,1,3,1,0,0,0,0,0
474,2,1,2,5,1,1,27,1,3,0,1,,2,11.083,0,2,3,3,3,0,3,3,2,0,3,2,1,3,6,1,2,3,1,3,2,0,0,0,0,0
475,2,1,2,5,1,2,60,0,3,3,1,,0,0,0,2,,,2,0,2,3,2,0,2,2,2,2,6,0,2,3,3,2,2,0,0,0,0,0
476,2,1,2,5,1,0,19,1,1,2,0,,2,2,0,2,2,2,12,0,1,2,2,0,2,1,1,3,5,1,1,1,0,3,0,0,0,0,0,0
477,2,1,2,5,1,1,21,1,3,3,1,,2,18,0,2,3,3,1,0,2,3,2,0,3,2,3,3,8,1,2,4,1,3,2,0,0,0,0,0
478,2,1,2,5,2,1,38,1,3,3,1,,2,10,0,2,3,3,7,0,3,3,3,0,3,3,3,2,8,0,0,3,1,3,1,0,0,0,0,1
478,2,1,3,13,1,1,46,1,3,1,1,,2,30,0,3,1,1,10,0,3,2,3,0,3,2,2,2,6,1,3,3,0,3,0,0,0,0,0,0
479,2,1,5,13,1,2,60,0,3,3,1,,2,30.249001,0,2,3,3,2,0,3,3,2,0,3,2,2,2,6,1,2,3,1,3,3,0,0,0,0,0
480,2,1,5,13,1,2,61,1,3,2,1,,2,1,0,2,3,3,12,0,3,3,3,0,3,2,3,3,8,0,1,3,1,2,0,0,0,0,0,0
481,2,1,3,7,1,2,61,1,3,2,1,,2,4.0830002,1,3,3,3,5,0,3,3,2,0,3,3,3,3,9,0,0,3,2,3,3,0,0,0,0,0
482,2,1,5,13,1,1,27,1,3,3,1,,2,12.083,0,3,3,3,3,0,2,3,2,0,3,2,2,2,6,1,2,4,1,3,2,0,0,0,0,0
483,2,1,5,13,2,2,61,1,3,2,1,,2,0.41499999,0,2,3,3,1,0,2,3,2,0,3,0,0,0,0,0,2,2,1,2,1,0,0,0,0,0
484,2,1,5,13,1,1,21,1,3,3,1,,2,6.4980001,0,1,2,2,1,0,4,1,2,0,2,0,0,0,0,1,3,3,3,2,2,1,0,0,0,1
485,2,1,5,13,2,1,27,1,3,3,1,,2,10.415,0,2,3,1,2,0,1,3,2,0,3,1,3,3,7,0,3,1,0,1,1,0,0,0,0,1
486,2,1,5,13,2,2,61,1,3,1,1,,2,8.4980001,0,1,3,2,1,0,2,3,2,0,3,2,2,3,7,1,0,3,0,2,2,0,0,0,0,0
487,2,1,5,13,2,2,77,0,3,3,2,,2,40,0,1,3,2,2,0,1,0,3,0,2,1,1,3,5,1,2,3,1,2,0,0,0,0,0,0
489,2,1,3,7,2,2,62,1,3,2,1,,2,5.1659999,0,0,3,3,14,0,1,2,2,0,3,2,2,2,6,1,2,3,0,2,0,0,0,0,0,0
491,2,1,5,13,2,1,24,1,3,3,1,,2,0.66399997,0,2,2,2,1,0,2,3,1,0,2,2,2,2,6,0,2,3,2,3,3,0,0,0,0,0
492,2,1,5,13,1,1,24,0,3,3,1,,2,3,0,0,0,0,1,0,1,1,2,0,1,1,0,0,1,0,2,1,0,1,0,0,0,0,0,0
493,2,1,5,13,2,1,27,1,2,2,1,,2,6,0,2,3,3,1,0,2,3,3,0,3,0,0,0,0,0,0,2,0,2,0,0,0,0,0,0
494,2,1,5,13,1,1,21,1,3,1,1,,2,3,0,0,0,0,1,0,0,0,3,0,1,2,1,3,6,0,3,1,0,2,0,0,0,0,0,1
495,2,1,5,13,2,1,38,1,3,2,1,,2,10,0,2,1,2,6,0,1,1,1,0,1,1,1,3,5,0,3,1,0,1,0,0,0,0,0,0
496,2,1,5,13,2,1,24,1,3,3,1,,2,4,0,1,0,0,1,0,0,1,3,0,1,1,1,3,5,0,0,1,0,1,0,0,0,0,0,1
497,2,1,5,13,1,1,38,0,3,3,1,,2,3.1659999,0,1,3,3,6,0,2,2,2,0,3,2,2,2,6,1,2,4,1,4,1,0,0,0,0,0
498,2,1,5,13,1,1,27,1,3,3,1,,2,1,0,2,3,3,1,0,2,2,2,0,3,2,0,0,2,1,2,3,1,2,2,0,0,0,0,0
498,2,1,5,13,2,1,30,0,3,3,1,,2,5,0,0,3,0,1,0,0,0,0,0,0,0,0,0,0,0,3,0,0,0,0,1,1,1,1,1
500,2,1,5,13,2,1,30,1,3,3,1,,0,0,0,2,,,1,0,2,3,2,0,3,2,2,2,6,0,2,3,1,3,2,0,0,0,0,0
501,2,1,5,13,1,2,62,0,3,2,1,,2,1.581,0,1,2,2,11,0,2,3,2,0,3,2,2,2,6,0,3,3,0,3,2,0,0,0,0,0
502,2,1,5,13,2,2,62,0,3,3,1,,2,3.664,0,1,3,3,7,0,2,3,2,0,3,2,2,2,6,1,3,3,0,3,1,1,1,1,1,0
503,2,1,5,13,2,1,27,1,3,3,1,,2,0,0,1,3,2,1,0,2,3,0,0,2,0,0,3,3,0,3,3,1,2,0,0,0,0,0,1
504,2,1,5,13,2,1,27,0,3,1,1,,2,14,0,0,3,0,0,0,0,0,3,0,0,0,0,0,0,0,2,3,0,2,0,0,0,0,0,0
505,2,1,5,13,1,1,30,0,3,3,1,,0,0,0,0,,,1,0,0,2,3,0,1,1,1,3,5,0,3,1,0,0,0,0,0,0,0,0
506,2,1,5,13,1,1,46,1,3,2,1,,2,1,0,0,3,3,8,0,1,1,3,0,2,3,2,3,8,0,3,2,0,2,0,0,0,0,0,0
507,2,1,5,13,1,1,30,0,3,3,1,,2,2,0,0,0,1,1,0,0,1,3,0,1,1,0,0,1,0,0,3,0,1,0,0,0,0,0,1
508,2,1,5,13,2,2,62,1,3,3,1,,2,2.1659999,0,2,3,3,5,0,2,3,2,0,3,2,2,2,6,1,0,3,2,3,3,0,0,0,0,0
509,2,1,5,13,1,1,21,0,3,3,1,,2,5,0,0,1,0,0,0,1,0,3,0,1,2,2,3,7,0,1,1,0,1,0,0,0,0,0,1
510,2,1,5,13,2,1,30,0,3,3,1,,2,3,0,0,0,0,1,0,1,0,1,0,1,1,1,3,5,0,3,3,2,3,1,0,0,0,0,1
511,2,1,5,13,2,1,38,1,3,3,1,,2,0.16599999,0,3,3,3,4,0,3,3,2,0,3,2,3,3,8,1,2,3,1,3,3,0,0,0,0,0
512,2,1,3,7,1,1,28,1,3,2,1,,2,0.498,0,2,3,3,11,0,0,2,3,0,2,3,1,3,7,1,1,3,2,3,0,0,0,0,0,0
513,2,1,3,7,2,1,28,0,3,1,0,,2,5.4980001,0,0,3,3,11,0,0,2,0,0,2,0,0,0,0,0,0,3,1,3,1,0,0,0,0,0
514,2,1,3,7,2,1,28,1,3,2,1,,2,2.0829999,0,3,3,3,8,0,2,3,2,0,3,2,2,2,6,1,2,3,4,3,4,0,0,0,0,0
515,2,1,3,7,2,1,30,1,3,2,1,,0,0,0,0,,,0,0,0,1,0,0,1,0,0,0,0,0,2,2,1,2,1,0,0,0,0,1
516,2,1,3,7,2,1,24,0,3,3,0,,2,5,0,0,0,0,0,0,0,0,0,0,1,1,0,0,1,0,2,2,0,2,0,0,0,0,0,1
519,2,1,3,7,2,1,25,1,3,3,0,,2,2.415,0,2,3,3,17,0,2,3,2,0,3,2,2,2,6,1,3,3,0,2,0,0,0,0,0,1
519,2,1,3,7,1,1,38,1,3,3,1,,2,20,0,2,3,3,3,0,3,3,3,0,1,0,1,3,4,0,2,3,0,2,0,0,0,0,0,1
520,2,1,3,7,2,1,46,1,3,2,1,,2,1.498,0,2,3,3,7,0,0,2,2,0,2,2,2,2,6,0,1,3,0,2,0,0,1,0,1,0
521,2,1,3,7,2,1,46,1,3,2,1,,0,0,0,2,,,7,0,0,2,0,0,2,0,0,0,0,0,3,3,0,3,0,0,0,0,0,1
522,2,1,3,7,1,2,78,1,2,2,1,,0,0,0,0,,,7,0,0,0,3,0,0,1,1,3,5,1,3,0,3,0,0,0,0,0,0,1
523,2,1,3,7,1,2,62,0,3,3,1,,2,5,0,3,3,3,4,0,1,1,3,0,1,1,1,3,5,0,3,3,0,0,0,0,0,0,0,1
524,2,1,3,7,2,2,78,1,3,2,1,,2,5,0,0,2,3,6,0,0,0,3,0,1,0,0,0,0,0,1,1,0,1,0,0,0,0,0,0
525,2,1,3,7,1,2,79,1,3,2,1,,0,0,0,1,,,10,0,2,3,3,0,2,3,1,3,7,0,0,0,1,2,0,0,0,0,0,1
526,2,1,3,7,2,1,28,1,3,3,1,,2,5.1659999,0,0,3,2,8,0,2,3,2,0,3,2,2,2,6,0,0,3,2,3,1,0,0,0,0,0
527,2,1,3,7,2,1,21,1,3,3,1,,2,5,0,1,0,0,0,0,0,0,0,0,1,0,1,3,4,1,3,2,0,0,0,0,0,0,0,1
528,2,1,3,7,2,1,38,0,3,3,1,,2,0.66399997,0,2,2,2,1,0,2,2,0,0,3,2,2,2,6,1,2,2,1,2,1,0,0,0,0,0
530,2,1,3,7,2,1,25,1,3,2,1,,1,0,0,0,,,16,0,0,2,2,0,3,2,2,2,6,0,3,3,1,3,2,0,0,0,0,1
530,2,1,3,7,1,1,38,0,3,3,1,,0,0,0,0,,,1,0,1,2,0,0,2,2,1,2,5,0,2,3,1,3,1,0,0,0,0,1
531,2,1,3,7,1,1,30,1,3,3,1,,2,6,0,0,4,0,0,0,0,4,3,0,0,1,1,3,5,0,3,3,1,1,1,0,0,0,0,0
532,2,1,3,7,2,1,31,1,3,2,1,,0,0,0,1,,,10,0,1,2,3,0,2,2,2,2,6,0,3,0,0,0,0,0,0,0,0,0
578,2,1,3,7,2,1,38,0,3,3,1,,2,10,0,0,0,0,1,0,1,1,2,0,1,1,1,3,5,0,3,1,0,2,0,0,0,0,0,1
724,2,1,3,7,2,2,62,1,3,3,1,,2,9,0,1,3,3,3,0,1,3,1,0,3,3,1,3,7,1,3,3,0,3,1,1,0,1,0,1
725,2,1,3,7,2,1,31,0,3,3,1,,2,12.83,0,2,4,4,10,0,4,4,2,0,4,2,2,2,6,1,2,3,2,3,2,0,0,0,0,1
726,2,1,3,7,1,2,62,0,3,3,1,,2,6.2490001,0,2,3,3,3,0,3,4,3,0,4,3,3,3,9,1,2,4,1,4,3,0,0,0,0,0
727,2,1,3,7,2,1,38,0,3,3,1,,2,5,0,1,1,2,0,0,3,3,3,0,3,1,2,3,6,0,1,0,0,0,0,0,0,0,0,1
728,2,1,3,7,1,1,31,1,3,3,1,,2,4,0,0,1,3,8,0,0,0,3,0,1,2,1,2,5,0,3,1,0,2,0,0,0,0,0,0
729,2,1,3,7,1,1,46,0,3,3,1,,2,1.332,0,3,3,3,6,0,3,3,3,0,3,0,1,3,4,1,2,3,0,3,1,0,0,0,0,1
730,2,1,3,7,2,1,20,1,3,3,1,,2,3.1659999,0,0,0,0,1,0,0,0,0,0,0,0,0,0,0,0,1,0,1,2,1,0,0,0,0,0
731,2,1,3,7,2,1,46,0,3,3,1,,0,0,0,0,,,4,0,1,1,3,0,1,0,2,2,4,1,3,3,1,3,0,0,0,0,0,1
732,2,1,3,7,1,1,31,1,3,3,1,,2,5.664,0,3,3,3,3,0,2,3,2,0,3,2,2,2,6,1,2,2,3,2,2,0,0,0,0,0
733,2,1,3,7,2,1,25,1,3,3,1,,2,0,0,0,3,3,15,0,0,3,2,0,3,3,3,3,9,1,2,3,1,2,0,1,0,0,0,0
734,2,1,3,7,1,1,31,0,3,1,1,,2,20,0,2,3,3,2,0,2,3,1,0,3,0,1,2,3,0,0,3,0,2,0,0,0,0,0,0
735,2,1,3,7,1,1,28,2,3,3,0,,2,2,0,3,3,3,6,0,2,3,3,0,3,2,0,3,5,1,1,2,0,2,1,0,0,0,1,0
736,2,1,3,7,2,1,31,0,3,3,1,,2,2,0,4,4,4,1,0,4,4,3,0,4,3,3,3,9,1,2,4,1,3,3,0,0,0,0,0
737,2,1,3,7,2,1,31,2,3,2,1,,0,0,0,0,,,0,0,0,0,1,0,3,3,3,3,9,1,3,3,1,2,0,0,0,0,0,1
738,2,1,3,7,1,2,80,0,3,3,1,,2,30.664,0,0,3,4,4,0,2,4,2,0,4,2,1,3,6,1,2,3,0,3,0,0,0,0,1,1
739,2,1,3,7,1,2,62,1,3,0,2,,1,0,0,0,,,1,0,0,2,0,0,2,2,2,0,4,0,3,2,1,2,1,0,0,0,0,1
740,2,1,3,7,2,2,62,0,3,3,1,,0,0,0,0,,,0,0,3,2,2,0,2,0,0,0,0,0,3,2,1,2,0,0,0,0,0,0
741,2,1,3,7,2,1,32,1,3,3,1,,2,2.664,0,0,3,3,16,0,2,3,2,0,2,2,2,3,7,1,2,3,1,3,1,1,0,0,1,1
742,2,1,3,7,1,2,63,1,3,2,1,,2,1,0,2,3,3,3,0,2,3,2,0,3,0,1,2,3,0,0,3,0,3,0,0,0,0,0,0
743,2,1,3,7,2,1,39,1,3,2,1,,2,2,0,2,3,3,8,0,2,3,3,0,2,3,2,2,7,0,2,3,2,2,0,0,0,0,0,0
744,2,1,3,7,2,1,39,0,3,1,1,,2,10,0,2,3,3,6,0,1,3,3,0,3,3,1,3,7,0,0,3,0,2,0,0,0,0,0,1
745,2,1,2,4,1,0,19,1,0,3,0,,2,2.0829999,0,0,2,2,9,0,0,2,1,0,2,0,0,0,0,0,2,3,1,3,1,0,0,0,0,0
746,2,1,2,4,1,0,19,1,3,1,1,,2,0.16599999,0,2,3,3,2,0,1,3,3,0,1,2,1,3,6,0,3,3,1,2,0,0,0,0,1,0
747,2,1,2,4,2,1,28,2,3,3,0,,2,5.1659999,0,2,3,3,6,0,3,3,2,0,3,3,2,2,7,0,1,3,2,3,1,0,0,0,0,0
748,2,1,2,4,1,1,32,1,3,2,1,,0,0,0,1,,,11,0,0,0,3,0,0,2,0,0,2,0,3,0,0,0,0,0,0,0,0,0
749,2,1,2,4,1,2,63,0,3,3,1,,0,0,0,2,,,2,0,0,1,2,0,2,2,1,0,3,1,2,2,1,2,1,0,0,0,0,0
750,2,1,2,4,2,1,20,0,3,3,1,,2,3,0,1,1,1,1,0,2,2,1,0,2,0,0,0,0,1,2,3,1,2,1,0,0,0,0,0
751,2,1,2,4,1,1,46,1,3,3,1,,2,27,0,2,3,0,4,0,2,0,3,0,0,0,1,2,3,1,3,3,0,2,0,0,0,0,0,1
752,2,1,2,4,1,1,25,1,3,2,1,,2,10,0,0,3,3,12,0,2,3,2,0,2,2,1,3,6,0,0,3,0,3,0,0,0,0,0,0
753,2,1,2,4,1,1,25,1,3,3,1,,2,10,0,2,1,3,10,0,3,3,3,0,2,2,1,3,6,0,2,3,0,2,0,0,0,0,0,1
754,2,1,2,4,1,1,28,0,3,3,1,,0,0,0,2,,,6,0,2,3,2,0,3,2,2,2,6,0,2,3,1,3,3,0,0,0,0,0
756,2,1,2,4,1,1,20,1,3,3,1,,2,3,0,0,3,2,5,0,0,2,2,0,3,2,2,2,6,0,3,3,2,3,1,0,0,0,0,0
757,2,1,2,4,1,1,32,1,2,3,1,,2,4,0,1,3,3,5,0,2,3,3,0,2,1,1,2,4,0,3,3,0,3,0,0,0,0,0,0
758,2,1,2,4,2,1,25,1,3,3,1,,2,20,0,3,3,3,9,0,2,3,3,0,3,2,2,3,7,0,0,3,1,1,0,0,0,0,0,1
759,2,1,2,4,2,0,19,2,1,2,0,,0,0,0,1,,,8,0,0,2,0,0,2,0,0,0,0,0,3,2,0,2,0,0,0,1,0,0
760,2,1,2,4,1,0,19,2,1,3,0,,2,1.166,0,1,3,1,2,0,2,3,1,0,1,1,1,3,5,1,1,3,1,1,0,0,0,0,0,0
761,2,1,2,4,1,2,80,0,3,3,1,,2,10,0,1,1,1,2,0,0,0,3,0,1,1,1,3,5,0,2,0,0,1,0,0,0,0,0,0
762,2,1,2,4,1,1,32,2,3,3,1,,2,10,0,3,3,2,5,0,3,3,3,0,3,2,1,2,5,0,2,3,2,3,1,0,0,0,0,1
763,2,1,2,4,1,1,28,1,2,2,1,,2,3,0,0,3,2,6,0,0,0,3,0,1,3,0,0,3,0,2,3,2,3,1,0,0,0,0,0
764,2,1,2,4,2,1,28,1,3,3,1,,2,10,0,2,1,1,5,0,1,3,2,0,3,2,1,3,6,0,0,3,0,1,0,0,0,0,0,1
765,2,1,2,4,2,1,32,1,3,0,1,,2,10.166,0,2,3,3,4,0,2,3,2,0,3,2,2,2,6,1,2,3,1,3,3,0,0,0,0,0
766,2,1,2,4,1,2,63,0,3,3,1,,2,10.664,0,3,3,3,2,0,3,3,2,0,4,3,3,3,9,1,2,3,1,4,3,0,0,0,0,0
767,2,1,2,4,2,1,25,0,3,3,1,,2,6.0830002,0,3,3,3,7,0,3,3,2,0,3,2,2,2,6,1,2,3,2,3,3,0,0,0,0,0
768,2,1,2,4,1,1,39,0,3,1,1,,2,18,0,2,1,2,5,0,0,1,2,0,1,1,1,3,5,0,3,1,0,1,0,0,0,0,0,1
769,2,1,2,4,1,2,63,1,3,3,1,,2,20.497999,0,2,3,1,1,0,1,4,1,0,1,1,1,3,5,1,3,1,0,1,1,0,0,0,0,1
770,2,1,2,4,1,1,39,1,2,2,1,,1,0,0,0,,,3,0,0,2,1,0,2,0,0,0,0,0,0,2,0,2,0,0,0,0,0,0
771,2,1,2,4,2,0,16,0,3,1,0,,2,2,0,2,3,3,3,0,2,2,2,0,2,2,2,3,7,1,2,3,3,3,3,0,0,0,0,0
772,2,1,2,4,1,1,32,1,3,3,1,,2,7,0,4,3,2,3,0,2,3,2,0,3,2,2,0,4,1,2,3,2,3,1,0,0,0,0,0
773,2,1,2,4,2,0,19,1,3,3,0,,2,2,0,0,1,1,8,0,0,0,3,0,0,2,1,3,6,0,2,1,0,0,0,0,0,0,0,1
774,2,1,2,4,1,1,25,1,3,2,1,,0,0,0,0,,,6,0,0,3,2,0,3,2,2,2,6,0,3,2,0,2,0,0,0,0,0,1
775,2,1,2,4,2,2,82,1,3,2,1,,2,30,0,2,3,3,14,0,2,2,3,0,3,2,2,2,6,0,0,2,0,2,0,0,0,0,0,0
776,2,1,2,4,2,1,28,1,3,3,1,,2,5,0,0,0,0,5,0,2,3,3,0,2,1,0,0,1,0,1,3,0,1,0,0,0,0,0,1
777,2,1,2,4,1,1,46,1,3,3,1,,2,0.249,0,2,3,3,3,0,2,3,2,0,3,2,2,2,6,1,2,3,1,3,3,0,0,0,0,0
778,2,1,2,4,2,1,28,1,3,3,1,,2,8,0,2,3,3,4,0,3,3,3,0,3,3,1,3,7,0,0,3,0,2,0,0,0,0,0,1
779,2,1,2,4,2,1,25,1,2,3,0,,0,0,0,3,,,6,0,2,3,2,0,3,2,0,2,4,0,0,3,1,3,1,0,0,0,0,1
780,2,1,2,4,1,2,64,1,3,2,1,,0,0,0,2,,,9,0,0,2,3,0,3,3,2,2,7,0,1,3,3,3,0,0,0,0,0,1
781,2,1,2,4,2,1,28,1,3,2,1,,0,0,0,2,,,3,0,2,2,3,0,2,1,1,3,5,0,3,1,0,0,0,0,0,0,0,1
782,2,1,2,4,2,1,20,1,3,3,1,,2,0,0,0,2,4,5,0,4,3,2,0,2,3,2,2,7,0,3,3,1,4,1,0,0,0,1,1
783,2,1,2,4,1,2,82,1,3,2,1,,2,10.166,0,2,3,3,2,0,2,3,2,0,3,2,1,2,5,1,2,3,3,3,4,0,0,0,0,0
784,2,1,2,4,1,1,21,1,3,3,1,,2,3,0,2,2,2,0,0,1,1,3,0,1,1,1,3,5,0,0,0,0,1,0,0,0,0,0,1
785,2,1,2,4,2,1,25,1,3,3,1,,2,4.415,0,0,4,3,5,0,4,4,3,0,4,1,0,3,4,1,1,3,1,3,0,0,0,0,0,1
786,2,1,2,4,1,2,64,1,3,2,1,,2,1.415,0,0,2,3,5,0,2,3,2,0,2,0,0,0,0,1,2,3,2,3,1,0,0,0,0,0
786,2,1,2,4,1,2,64,1,3,3,1,,2,1,0,2,3,3,4,0,2,1,2,0,3,0,0,2,2,1,0,3,0,3,1,1,0,0,0,0
788,2,1,2,4,2,1,21,1,3,3,1,,2,5,0,1,1,1,0,0,1,1,3,0,1,1,1,3,5,0,3,3,0,1,0,0,0,0,0,1
789,2,1,2,4,1,1,28,2,3,2,1,,2,3,0,1,3,3,3,0,1,3,2,0,3,2,2,0,4,1,3,2,0,3,0,0,0,0,0,0
790,2,1,2,4,1,2,64,0,3,3,2,,2,15,0,2,3,3,3,0,1,1,1,0,2,0,1,3,4,1,3,3,0,2,0,0,1,0,0,0
791,2,1,2,4,2,2,83,1,3,2,1,,2,30,0,3,3,3,13,0,3,3,3,0,3,3,2,2,7,0,1,2,1,2,0,0,0,0,0,0
792,2,1,2,4,1,2,64,1,3,3,1,,2,15,0,1,3,3,3,0,2,3,3,0,3,2,1,3,6,1,2,1,0,1,1,0,0,0,0,0
793,2,1,2,4,1,2,64,0,3,3,1,,2,20,0,0,1,1,2,0,0,0,3,0,0,0,1,3,4,0,2,3,0,0,0,0,0,0,0,1
794,2,1,2,4,2,0,19,0,0,3,0,,0,0,0,2,,,2,0,2,3,2,0,3,2,2,2,6,1,2,3,1,3,3,0,0,0,0,1
795,2,1,2,4,2,0,19,2,0,3,0,,0,0,0,2,,,1,0,0,3,2,0,3,2,0,2,4,0,2,3,1,3,0,0,0,0,0,1
796,2,1,2,4,1,2,65,1,3,2,1,,1,0,0,0,,,5,0,0,2,0,0,2,0,0,0,0,1,2,2,0,3,1,0,0,0,0,1
797,2,1,2,4,1,2,65,0,3,3,2,,2,10.249,0,2,3,3,4,0,3,3,2,0,3,2,2,2,6,1,2,3,1,3,3,0,0,0,0,0
798,2,1,2,4,2,0,16,0,3,3,0,,0,0,0,0,,,1,0,0,0,3,0,1,2,1,3,6,1,3,0,0,0,0,0,0,0,0,1
799,2,1,5,1,1,1,28,0,3,1,1,,2,10,0,0,0,0,3,0,0,0,2,0,1,0,0,0,0,0,3,1,0,1,0,0,0,0,0,1
800,2,1,5,1,2,0,19,1,1,2,0,,2,2,0,3,3,3,6,0,2,3,2,0,3,2,2,2,6,0,1,3,1,2,0,1,0,0,0,0
801,2,1,5,1,1,1,25,1,3,3,1,,2,5,0,0,3,1,5,0,2,3,1,0,1,1,1,3,5,1,2,3,1,3,0,0,0,0,0,1
802,2,1,5,1,1,1,20,1,3,1,0,,2,5,0,0,4,0,4,0,0,3,3,0,1,1,1,3,5,1,3,0,0,3,1,0,0,0,0,0
803,2,1,5,1,2,1,20,0,3,3,1,,2,2,0,0,0,2,1,0,2,2,0,0,2,0,0,0,0,0,2,2,1,2,2,0,0,0,0,0
804,2,1,5,1,1,1,22,2,1,3,0,,2,10.747,0,1,4,4,14,0,2,2,2,0,2,2,0,3,5,1,1,2,0,2,0,0,0,0,0,0
805,2,1,5,1,2,0,19,0,3,1,1,,2,2,0,1,3,0,1,0,2,1,3,0,1,0,0,0,0,0,3,3,0,3,1,0,0,0,0,0
806,2,1,5,1,1,1,32,1,3,3,1,,0,0,0,2,,,3,0,2,3,3,0,4,3,3,3,9,1,3,4,2,4,4,0,0,0,0,1
807,2,1,5,1,1,2,65,1,3,3,1,,2,20,0,2,3,3,1,0,3,3,2,0,3,2,2,2,6,1,1,2,1,2,1,0,0,0,0,0
808,2,1,5,1,2,1,22,1,3,3,1,,2,6,0,3,3,3,10,0,2,3,3,0,3,2,2,3,7,0,0,3,0,3,1,0,0,0,0,1
809,2,1,5,1,1,1,32,1,3,3,1,,0,0,0,0,,,2,0,0,2,0,0,2,0,0,0,0,0,3,3,0,2,0,0,0,0,0,1
810,2,1,5,1,1,1,46,1,3,3,1,,2,3.1659999,0,2,3,3,3,0,2,3,2,0,4,3,3,3,9,1,2,4,1,4,2,0,0,0,0,0
811,2,1,5,1,1,2,65,0,3,0,2,,0,0,0,2,,,1,0,2,2,1,0,2,2,0,2,4,1,2,2,1,3,2,0,0,0,0,0
812,2,1,5,1,1,1,46,1,3,3,1,,2,0.249,0,3,3,3,2,0,2,3,2,0,3,2,2,2,6,1,2,3,1,3,3,0,0,0,0,0
813,2,1,5,1,1,1,46,1,3,3,1,,2,2,0,3,3,3,2,0,3,3,3,1,4,3,3,2,8,1,2,3,1,3,2,0,0,0,0,0
814,2,1,5,1,2,1,25,1,3,3,1,,2,2,0,0,3,0,5,0,1,4,1,0,3,1,1,3,5,1,3,3,0,3,0,0,0,0,0,1
815,2,1,5,1,1,1,46,1,3,3,1,,0,0,0,1,,,1,0,2,2,0,0,2,0,0,0,0,0,2,2,1,2,1,0,0,0,0,1
816,2,1,5,1,1,2,65,0,3,3,1,,2,30,0,0,0,0,1,0,1,1,3,0,1,1,1,3,5,1,3,0,0,1,0,0,0,0,0,1
817,2,1,5,1,1,2,85,1,3,3,1,,2,3.0829999,0,2,3,1,3,0,2,3,2,0,3,2,2,2,6,1,2,3,2,3,3,0,0,0,0,0
818,2,1,5,1,2,1,20,1,1,2,0,,0,0,0,0,,,4,0,0,0,2,0,0,1,0,3,4,0,3,3,2,0,0,0,0,0,0,1
819,2,1,5,1,1,1,39,1,3,3,1,,1,0,0,2,,,2,0,4,3,2,0,3,2,2,2,6,0,1,3,0,3,1,0,0,0,0,1
820,2,1,5,1,2,1,25,1,3,3,1,,2,2,0,0,0,0,5,0,0,0,3,0,1,1,1,3,5,0,3,2,0,2,0,0,0,0,0,0
821,2,1,5,1,2,2,65,0,3,3,1,,2,40,0,0,0,0,1,0,0,0,1,0,1,1,1,3,5,0,2,1,0,2,0,0,0,0,0,1
822,2,1,5,1,2,0,19,0,3,1,1,,2,2.1659999,0,1,1,1,1,0,0,2,0,0,2,0,0,0,0,0,3,2,1,2,1,0,0,0,0,0
823,2,1,5,1,2,0,19,1,3,3,1,,2,1.498,0,0,3,1,1,0,2,0,1,0,0,0,0,0,0,0,0,3,0,3,0,0,1,0,0,0
824,2,1,5,1,1,2,66,1,3,2,1,,1,0,0,2,,,15,0,1,3,2,0,3,2,2,2,6,0,2,3,4,3,1,0,0,0,0,1
825,2,1,5,1,1,1,32,1,0,2,1,,2,5.1659999,0,0,2,2,2,0,0,2,0,0,2,0,0,0,0,0,3,3,1,3,1,0,0,0,0,0
826,2,1,5,1,2,2,66,0,3,2,1,,2,30,0,2,4,3,12,0,3,3,3,0,3,3,2,2,7,0,1,2,0,2,0,0,0,0,0,0
827,2,1,5,1,2,1,28,1,3,3,1,,2,4,0,0,3,3,2,0,0,1,2,0,1,1,1,2,4,0,2,3,1,3,0,0,0,0,0,0
828,2,1,5,1,1,2,86,0,0,2,1,,2,0,0,0,2,2,12,0,0,2,0,0,2,0,0,0,0,0,3,2,0,2,0,0,0,0,0,0
829,2,1,5,1,1,1,28,0,3,1,1,,2,13,0,1,3,2,2,0,0,3,3,0,3,1,1,3,5,1,2,3,0,2,0,0,0,0,0,0
830,2,1,5,1,2,1,39,1,3,2,1,,2,6,0,1,3,3,1,0,2,1,2,0,3,0,1,2,3,0,3,3,1,3,0,0,0,0,0,0
831,2,1,5,1,2,1,20,0,3,1,1,,2,4.1659999,0,2,3,2,1,0,2,2,2,0,2,2,2,2,6,1,2,2,1,3,2,0,0,0,0,0
832,2,1,5,1,2,1,25,1,3,3,0,,2,10,0,3,3,3,5,0,2,3,3,0,3,3,2,2,7,0,2,3,0,0,0,0,0,0,0,0
833,2,1,5,1,1,1,28,0,3,3,1,,2,2,0,2,2,3,2,0,2,2,1,0,2,1,2,2,5,0,0,3,1,3,3,0,0,0,0,0
834,2,1,5,1,1,1,28,0,3,3,1,,2,1,0,0,2,1,2,0,1,2,3,0,1,1,1,3,5,0,2,1,1,1,0,0,0,0,0,1
835,2,1,5,1,2,0,16,1,1,1,0,,2,2,0,0,0,0,1,0,3,3,3,0,2,2,2,3,7,0,2,3,0,1,1,0,0,0,0,1
836,2,1,5,1,1,2,66,0,2,2,1,,0,0,0,0,,,8,0,0,0,3,0,0,1,1,3,5,0,3,3,2,2,0,0,0,0,0,1
837,2,1,5,1,1,2,67,1,3,2,1,,2,2.4979999,0,2,3,3,17,0,3,3,3,0,3,2,2,2,6,1,3,3,0,2,0,0,0,0,0,0
838,2,1,5,1,1,1,46,1,3,3,1,,2,4.2490001,0,2,3,3,1,0,3,3,2,0,3,3,2,2,7,1,2,3,0,3,1,0,0,0,0,0
839,2,1,5,1,1,1,20,1,3,3,1,,0,0,0,2,,,4,0,2,3,2,0,3,2,2,2,6,1,2,3,1,3,2,0,0,0,0,0
840,2,1,5,1,2,2,67,0,3,2,2,,2,1.249,0,2,2,2,1,0,2,3,2,0,3,2,2,2,6,0,2,2,2,2,2,0,0,0,0,0
841,2,1,5,1,2,1,20,2,3,3,0,,2,9.4980001,0,2,3,1,1,0,2,3,0,0,1,1,1,3,5,1,0,3,0,3,1,0,0,0,0,1
842,2,1,5,1,1,1,32,1,3,3,1,,2,10,0,2,3,3,2,0,2,3,2,0,3,1,1,0,2,1,1,3,0,3,0,0,0,0,0,0
843,2,1,5,1,1,2,68,0,3,3,1,,2,30,0,3,1,1,11,0,3,3,3,0,3,2,1,3,6,0,0,3,1,1,0,1,0,0,0,1
844,2,1,5,1,1,1,46,1,3,2,1,,0,0,0,0,,,1,0,0,0,3,0,0,0,0,0,0,1,0,3,0,2,0,0,0,0,0,1
845,2,1,5,1,2,1,32,0,3,2,1,,0,0,0,0,,,1,0,0,2,0,0,2,0,0,0,0,0,0,2,1,2,1,0,0,0,0,1
846,2,1,5,1,2,1,32,2,2,3,1,,2,0.498,0,2,3,3,1,0,2,3,2,0,3,2,1,2,5,1,2,3,0,3,0,0,0,0,0,0
847,2,1,5,1,2,1,25,0,3,1,1,,2,0.249,0,1,3,3,4,0,2,3,2,0,3,2,2,2,6,1,2,3,3,3,3,0,0,0,0,0
848,2,1,5,1,1,2,68,0,3,3,1,,2,3,0,1,3,3,1,0,3,3,2,0,3,2,3,3,8,1,2,4,1,3,1,0,0,0,0,0
849,2,1,5,1,2,2,68,0,3,2,1,,0,0,0,0,,,0,0,0,2,0,0,2,0,0,0,0,0,3,3,2,3,1,0,0,0,0,1
850,2,1,5,1,1,2,69,0,3,0,2,,2,3.1659999,0,2,3,3,3,0,2,3,2,0,3,2,2,2,6,1,2,3,1,1,1,0,0,0,0,0
851,2,1,5,1,1,2,70,0,3,1,1,,1,0,0,0,,,15,0,2,3,2,0,3,2,2,2,6,0,3,3,2,3,1,0,0,0,0,1
852,2,1,5,1,2,2,70,1,3,3,1,,2,30,0,0,1,2,6,0,1,1,3,0,2,1,1,3,5,0,0,0,0,1,0,0,0,0,0,1
853,2,1,5,1,1,1,46,0,3,3,1,,2,19,0,2,3,0,1,0,1,0,1,0,2,0,0,3,3,0,3,3,0,2,0,0,0,0,0,1
