ppid,district,ward,village,sub_village,Posters,Leaflets,Video_Screening,Village_Forum,none,mostmeans,rateknwdbnow,cannowcomdog,cannowrecdogcom,bodilangscorenow,ratecatcdognow,easycatcdognow,crrtcatcdognow,easyholddognow,crrctcalmdognow,crrctsmlldognow,crrctbigdognow,doghandlinscorenow,avoidatacknow,avoidatackscorenow,limitinjurynow,limitinjuryscorenow,vaccrashesnow,vaccreprodcnow,vaccbarknow,vaccdienow,vaccnextt,AggreScorefu
1,1,2,1,2,0,0,1,0,0,2,4,4,4,14,4,4,3,4,2,2,3,7,4,5,4,4,0,0,0,0,1,23
2,1,2,1,2,1,0,1,1,0,2,4,3,3,19,4,3,2,3,2,2,2,6,4,6,3,3,0,0,0,0,1,28
3,1,2,1,2,0,0,1,0,0,2,4,4,4,18,4,3,2,4,3,3,3,9,4,8,3,3,0,0,0,0,1,29
4,1,2,1,2,1,0,1,0,0,2,4,3,3,17,4,4,2,4,2,2,2,6,4,7,4,3,0,0,0,0,1,27
5,1,2,1,2,1,1,1,0,0,2,4,4,4,18,4,4,3,4,3,3,3,9,4,8,4,3,0,0,0,0,1,29
6,1,2,1,2,0,0,1,0,0,3,4,4,4,19,4,4,3,4,3,3,2,8,4,10,4,4,0,0,0,0,1,33
7,1,2,1,2,1,0,1,0,0,2,3,3,3,19,4,4,2,4,3,3,3,9,4,5,4,3,0,0,0,0,1,27
8,1,2,1,2,0,0,1,0,0,2,4,4,4,20,4,4,3,4,3,3,3,9,4,10,3,3,0,0,0,0,0,33
9,1,2,1,2,1,1,1,0,0,2,3,4,4,20,4,4,3,4,3,3,3,9,4,7,4,5,0,0,0,0,1,32
10,1,2,1,2,1,1,1,0,0,2,4,3,4,17,4,4,2,4,3,3,3,9,4,4,4,4,0,0,0,0,1,25
11,1,2,1,2,1,1,1,0,0,2,4,4,4,20,4,4,3,4,3,3,3,9,4,7,3,4,0,0,0,0,1,31
12,1,2,1,2,0,0,0,1,0,1,3,3,4,8,3,3,2,3,2,2,2,6,4,8,3,3,0,0,0,0,1,19
13,1,2,1,2,0,0,1,0,0,2,4,4,3,20,4,4,2,3,2,2,3,7,3,8,3,4,0,0,0,0,1,32
14,1,2,1,2,1,0,1,0,0,2,3,3,3,11,3,3,2,3,2,2,3,7,3,7,3,3,0,0,0,0,1,21
15,1,2,1,2,1,0,1,0,0,2,3,3,4,11,4,3,2,3,2,2,3,7,4,8,3,4,0,0,0,0,1,23
16,1,2,1,2,0,0,1,0,0,2,3,3,3,13,4,4,2,4,2,2,3,7,4,5,3,3,0,0,0,0,1,21
17,1,2,1,2,1,1,0,0,0,2,3,3,3,16,3,4,2,3,3,3,3,9,4,4,3,3,0,0,0,0,0,23
18,1,2,1,2,1,1,1,0,0,2,3,3,4,5,3,3,2,4,2,2,2,6,3,2,3,2,0,0,0,0,0,9
19,1,2,1,2,1,1,1,1,0,2,3,4,4,14,4,4,3,4,3,3,3,9,3,4,3,3,0,0,0,0,0,21
20,1,2,1,2,0,0,1,1,0,2,3,3,3,15,3,3,2,3,2,2,2,6,4,7,3,4,0,0,0,0,0,26
21,1,2,1,2,1,0,0,0,0,3,3,3,3,6,3,3,2,3,2,2,2,6,3,3,3,1,0,0,0,0,0,10
22,1,2,4,2,1,0,0,0,0,3,3,4,3,14,3,4,2,4,2,2,2,6,2,2,3,3,0,0,0,0,0,19
23,1,2,1,2,1,1,0,0,0,3,3,4,4,16,4,3,3,4,2,3,2,7,4,4,3,1,0,0,0,0,1,21
24,1,2,1,2,1,1,1,1,0,2,4,4,3,17,3,3,3,4,3,3,3,9,3,6,3,3,0,0,0,0,1,26
25,1,2,1,2,1,0,0,0,0,3,3,3,3,6,2,2,1,2,2,2,2,6,3,2,3,1,0,0,0,0,0,9
26,1,2,1,2,1,1,0,0,0,3,2,4,4,7,3,4,3,4,3,3,3,9,3,2,3,2,0,0,0,0,0,11
27,1,2,1,2,1,0,0,0,0,3,3,3,3,7,3,3,2,3,2,2,2,6,3,2,3,1,0,0,0,0,0,10
28,1,2,1,2,1,1,0,0,0,3,3,3,3,7,3,3,2,3,2,2,2,6,3,2,3,1,0,0,0,0,0,10
29,1,2,1,2,1,1,1,0,0,2,4,4,4,16,4,4,3,4,3,3,3,9,4,5,3,4,0,0,0,0,0,25
30,1,2,1,2,0,0,1,0,0,2,4,4,4,9,4,3,3,4,3,3,3,9,4,5,3,4,0,0,0,0,1,18
31,1,2,1,2,0,0,1,0,0,2,3,3,3,7,3,3,2,3,2,2,2,6,4,5,4,1,0,0,0,0,0,13
32,1,2,1,2,1,1,1,0,0,2,3,3,3,13,3,4,2,3,2,2,2,6,4,4,3,3,0,0,0,0,1,20
33,1,2,1,2,1,0,0,0,0,3,3,3,4,16,3,3,2,4,3,2,3,8,4,5,3,3,0,0,0,0,0,24
34,1,2,1,2,0,0,1,0,0,2,4,3,3,14,4,4,3,3,2,3,2,7,3,6,3,4,0,0,0,0,0,24
35,1,2,1,2,0,0,1,0,0,2,4,4,3,17,4,4,2,4,3,3,3,9,4,6,4,4,0,0,0,0,0,27
36,1,2,1,2,0,0,1,0,0,2,3,4,4,13,3,4,2,4,2,2,3,7,4,4,3,3,0,0,0,0,1,20
37,1,2,1,2,1,1,1,0,0,2,2,4,3,6,4,3,3,3,2,2,2,6,3,2,3,1,0,0,0,0,1,9
38,1,2,1,2,1,0,1,0,0,2,3,3,4,18,3,4,2,4,3,2,3,8,4,6,3,4,0,0,0,0,1,28
39,1,2,1,2,1,1,1,0,0,3,3,3,3,19,4,4,3,4,2,2,3,7,4,6,4,5,0,0,0,0,0,30
40,1,2,4,10,1,1,1,1,0,2,3,3,4,15,4,4,3,4,3,3,2,8,4,7,4,4,0,0,0,0,1,26
41,1,2,4,10,1,1,1,0,0,3,4,4,4,18,3,4,3,4,3,3,3,9,4,1,4,2,0,0,0,0,1,21
42,1,2,4,10,1,0,0,0,0,3,3,3,3,9,3,3,2,3,2,2,2,6,4,1,3,1,0,0,0,0,1,11
43,1,2,4,10,1,0,0,0,0,3,3,3,3,17,3,3,3,3,3,3,3,9,4,1,3,3,0,0,0,0,1,21
44,1,2,4,10,1,1,0,0,0,4,3,3,3,6,3,3,2,3,2,2,2,6,3,1,3,1,0,0,0,0,0,8
45,1,2,4,10,1,0,0,0,0,3,2,3,3,10,3,3,2,3,2,2,2,6,3,2,3,1,0,0,0,0,0,13
46,1,2,4,10,1,0,0,0,0,3,2,2,2,1,3,3,3,3,0,3,2,5,3,3,2,2,0,0,0,0,0,6
47,1,2,4,10,1,1,0,0,0,4,3,4,4,15,4,4,3,4,3,3,2,8,4,1,4,1,0,0,0,0,1,17
48,1,2,4,10,1,1,0,0,0,3,3,3,3,17,3,3,2,3,3,3,2,8,4,2,3,1,0,0,0,0,1,20
49,1,2,4,10,1,1,0,0,0,3,3,3,4,14,4,3,2,4,3,2,3,8,4,2,4,4,0,0,0,0,0,20
50,1,2,4,10,1,1,0,0,0,3,3,4,4,13,3,3,2,3,3,2,2,7,3,5,3,5,0,0,0,0,0,23
51,1,2,4,10,1,1,0,0,0,4,3,3,4,7,2,4,3,4,3,0,3,6,4,7,4,4,0,0,0,0,0,18
52,1,2,4,10,1,0,0,0,0,3,3,3,4,17,4,3,2,3,2,2,2,6,4,7,3,4,0,0,0,0,0,28
53,1,2,4,10,1,0,0,0,0,3,3,4,4,13,3,4,3,4,3,3,3,9,4,2,4,2,0,0,0,0,0,17
54,1,2,4,10,1,0,0,0,0,3,3,4,3,14,4,4,3,4,3,3,2,8,4,5,4,4,0,0,0,0,1,23
55,1,2,4,10,1,1,0,0,0,3,3,3,4,19,3,4,2,4,3,3,3,9,4,5,4,5,0,0,0,0,1,29
56,1,2,4,10,1,0,0,0,0,3,2,2,2,3,2,2,0,2,0,2,0,2,3,0,4,3,0,0,0,0,1,6
57,1,2,4,10,1,0,0,0,0,3,3,3,4,15,4,4,3,4,3,3,2,8,4,6,3,3,0,0,0,0,1,24
58,1,2,4,10,1,0,0,0,0,3,2,2,2,3,2,3,0,2,0,2,2,4,3,0,3,1,0,0,0,0,1,4
59,1,2,4,10,1,0,0,0,0,3,3,3,3,19,4,4,2,4,3,3,3,9,4,9,3,4,0,0,0,0,1,32
60,1,2,4,10,1,0,0,0,0,3,3,4,3,9,3,4,3,4,3,3,3,9,4,0,4,2,0,0,0,0,0,11
61,1,2,4,10,1,0,0,0,0,3,3,2,2,12,2,4,3,4,3,0,3,6,4,1,3,3,0,0,0,0,0,16
62,1,2,4,10,1,0,0,0,0,3,3,3,3,15,3,4,3,3,2,3,2,7,4,5,3,3,0,0,0,0,0,23
63,1,2,4,10,1,0,0,0,0,3,3,3,3,10,3,3,2,3,2,2,2,6,3,3,3,3,0,0,0,0,1,16
64,1,2,4,2,1,1,1,0,0,2,3,4,4,19,3,3,3,4,3,3,3,9,3,10,3,4,0,0,0,0,1,33
65,1,2,4,10,1,0,1,0,0,2,3,3,3,17,3,3,3,4,3,2,2,7,4,7,3,4,0,0,0,0,1,28
66,1,2,4,10,1,1,0,0,0,3,4,4,3,18,4,4,3,3,3,3,3,9,4,3,3,5,0,0,0,0,1,26
67,1,2,4,10,1,1,0,0,0,3,3,3,3,20,3,4,3,4,3,3,3,9,4,8,4,4,0,0,0,0,0,32
68,1,2,4,10,1,0,0,0,0,3,3,4,4,9,4,4,3,4,0,3,2,5,4,1,3,1,0,0,0,0,0,11
69,1,2,4,10,1,0,0,0,0,3,4,4,3,20,4,4,3,4,3,3,2,8,4,7,4,5,0,0,0,0,1,32
70,1,2,4,10,1,0,0,0,0,3,3,4,3,8,4,4,2,4,2,3,3,8,4,4,4,2,0,0,0,0,0,14
71,1,2,4,10,1,0,0,0,0,3,4,4,4,18,4,4,3,4,3,3,3,9,4,9,4,5,0,0,0,0,0,32
72,1,2,4,10,1,1,0,0,0,3,3,4,4,19,4,4,3,4,3,3,3,9,4,10,3,5,0,0,0,0,1,34
73,1,1,5,14,1,0,1,0,0,3,3,4,2,14,4,4,3,4,3,3,3,9,4,7,3,4,0,0,0,0,1,25
74,2,1,5,14,1,0,1,0,0,3,3,4,3,18,4,4,3,4,3,3,3,9,4,7,4,3,0,0,0,0,1,28
75,2,1,5,14,1,0,0,0,0,3,3,4,3,18,3,4,3,4,3,3,3,9,4,8,4,3,0,0,0,0,1,29
76,2,1,5,14,1,1,1,0,0,3,2,4,3,12,4,3,3,4,3,3,3,9,4,7,3,4,0,0,0,0,1,23
77,2,1,5,14,1,1,1,1,0,2,4,3,3,19,4,4,3,4,3,3,3,9,4,7,3,4,0,0,0,0,1,30
78,2,1,5,14,1,1,1,1,0,2,4,4,4,20,3,4,3,4,3,3,3,9,4,9,3,4,0,0,0,0,1,33
79,2,1,5,14,1,1,0,0,0,3,2,4,4,15,3,4,3,4,3,3,3,9,4,3,4,0,0,0,0,0,1,18
80,2,1,5,14,1,0,0,0,0,3,3,3,2,8,3,3,3,3,2,2,2,6,3,1,3,1,0,0,0,0,1,10
81,2,1,5,14,1,0,0,0,0,3,3,3,3,19,3,4,2,4,3,3,3,9,4,2,3,2,0,0,0,0,1,23
82,2,1,5,14,1,1,0,0,0,3,3,3,3,16,4,3,3,4,3,3,3,9,3,4,3,4,0,0,0,0,1,24
83,2,1,5,14,1,1,0,0,0,3,3,3,4,11,4,4,3,4,3,0,3,6,4,0,2,1,0,0,0,0,1,12
84,2,1,5,14,1,0,0,0,0,3,3,3,3,18,4,4,3,4,3,3,3,9,4,5,3,2,0,0,0,0,1,25
85,2,1,5,14,1,1,0,0,0,3,3,4,4,15,4,4,3,4,3,3,3,9,4,3,4,2,0,0,0,0,1,20
86,2,1,5,14,1,1,0,0,0,3,3,3,3,17,4,4,3,4,2,2,2,6,3,4,4,4,0,0,0,0,1,25
87,2,1,5,14,1,0,0,0,0,3,3,4,3,17,4,4,3,4,3,3,3,9,4,4,4,3,0,0,0,0,1,24
88,2,1,5,14,1,1,0,0,0,3,3,4,4,16,4,4,3,4,3,3,3,9,4,2,3,3,0,0,0,0,1,21
89,2,1,5,14,1,1,0,0,0,3,3,4,4,17,4,4,3,4,3,3,3,9,4,3,3,3,0,0,0,0,1,23
90,2,1,5,14,1,1,0,0,0,3,3,4,4,19,4,4,3,4,3,3,3,9,4,3,4,4,0,0,0,0,1,26
91,2,1,5,14,1,1,0,0,0,3,3,4,3,18,4,4,3,4,3,3,3,9,4,0,4,1,0,0,0,0,1,19
92,2,1,5,14,1,1,0,0,0,3,3,4,4,17,4,4,3,4,3,3,2,8,4,3,4,3,0,0,0,0,1,23
93,2,1,5,14,1,1,0,0,0,3,3,4,4,18,4,4,3,4,3,3,2,8,4,3,4,2,0,0,0,0,1,23
94,2,1,5,14,1,1,1,0,0,2,2,3,2,14,4,4,3,4,2,3,3,8,4,4,4,3,0,0,0,0,1,21
95,2,1,5,14,1,1,1,0,0,2,3,4,4,17,3,3,3,4,3,3,3,9,4,6,3,3,0,0,0,0,1,26
96,2,1,5,14,1,1,1,0,0,2,3,4,3,15,4,4,3,4,3,3,3,9,4,5,4,3,0,0,0,0,1,23
97,2,1,5,14,1,1,1,0,0,3,3,4,4,17,4,4,3,4,3,3,3,9,4,6,4,4,0,0,0,0,1,27
98,2,1,5,14,1,1,1,0,0,3,3,4,3,16,4,4,3,4,3,3,3,9,4,6,4,2,0,0,0,0,1,24
99,2,1,5,14,1,1,1,0,0,2,4,4,4,19,4,4,2,3,3,3,3,9,3,6,4,5,0,0,0,0,1,30
100,2,1,5,14,1,1,1,0,0,3,4,4,3,19,4,4,3,4,3,3,3,9,4,5,3,4,0,0,0,0,1,28
101,2,1,5,14,1,1,1,0,0,3,3,4,4,19,4,4,3,3,3,3,3,9,4,6,4,4,0,0,0,0,1,29
102,2,1,5,14,1,1,1,0,0,3,4,4,4,15,4,4,3,4,3,3,3,9,3,7,3,4,0,0,0,0,1,26
103,2,1,5,14,1,1,0,0,0,3,3,4,4,17,3,4,3,4,3,3,3,9,4,6,4,3,0,0,0,0,1,26
104,2,1,5,14,1,1,0,0,0,3,3,3,3,14,3,4,2,3,3,3,2,8,4,4,4,3,0,0,0,0,1,21
105,2,1,5,14,1,1,0,0,0,3,3,3,3,11,3,3,2,4,3,3,3,9,3,4,3,3,0,0,0,0,1,18
106,2,1,5,14,1,1,0,0,0,3,3,3,3,14,4,4,3,4,3,2,3,8,4,4,4,3,0,0,0,0,1,21
107,2,1,5,14,1,1,0,0,0,3,3,4,4,18,3,4,3,4,2,3,3,8,4,5,3,3,0,0,0,0,1,26
108,2,1,5,14,1,1,0,0,0,3,3,3,4,20,4,4,3,4,3,3,3,9,4,5,4,3,0,0,0,0,1,28
109,2,1,5,14,1,0,1,0,0,3,3,3,3,4,2,3,3,3,3,3,2,8,3,3,3,2,0,0,0,0,0,9
110,2,1,5,14,1,0,0,0,0,3,3,3,3,4,3,3,3,4,3,3,3,9,3,1,3,1,0,0,0,0,0,6
111,2,1,5,14,1,0,0,0,0,3,3,3,3,4,3,3,3,4,3,3,3,9,3,2,3,2,0,0,0,0,0,8
112,2,1,5,14,1,1,0,0,0,3,3,3,3,5,3,3,3,3,3,3,3,9,3,3,3,4,0,0,0,0,0,12
113,2,1,5,14,1,0,1,0,0,3,3,3,3,4,3,3,3,3,3,3,3,9,3,5,3,3,0,0,0,0,0,12
114,2,1,5,14,1,0,0,0,0,3,3,3,3,4,3,3,3,4,3,3,3,9,3,3,3,4,0,0,0,0,0,11
115,2,1,5,14,1,0,1,0,0,3,3,3,3,4,3,3,2,3,3,3,3,9,3,3,3,3,0,0,0,0,0,10
116,2,1,5,14,1,0,1,0,0,2,3,3,3,1,2,3,3,4,2,2,2,6,3,1,4,1,0,0,0,0,0,3
117,2,1,5,14,1,0,1,0,0,3,3,3,3,3,3,3,2,3,2,2,2,6,3,3,3,4,0,0,0,0,0,10
118,2,1,5,14,1,0,0,0,0,3,2,3,3,4,3,3,2,3,3,3,3,9,4,1,3,1,0,0,0,0,0,6
119,2,1,5,14,1,0,0,0,0,3,2,3,3,3,3,3,2,3,2,2,2,6,3,3,4,2,0,0,0,0,0,8
120,2,1,2,5,1,1,0,0,0,3,3,3,4,14,3,3,3,4,3,3,2,8,4,5,4,3,0,0,0,0,1,22
121,2,1,2,5,1,1,0,0,0,3,3,3,4,17,3,3,3,3,2,3,3,8,3,4,4,3,0,0,0,0,1,24
122,2,1,2,5,1,1,0,0,0,3,4,4,4,14,4,4,3,3,3,2,3,8,4,4,3,4,0,0,0,0,1,22
123,2,1,2,5,1,1,0,0,0,3,3,4,4,13,4,4,3,3,3,2,3,8,4,4,3,4,0,0,0,0,1,21
124,2,1,2,5,1,1,0,0,0,3,3,4,4,9,4,4,3,4,2,2,3,7,4,4,4,3,0,0,0,0,1,16
125,2,1,2,5,1,1,0,0,0,3,4,3,3,12,3,4,2,4,3,2,3,8,4,6,4,4,0,0,0,0,1,22
126,2,1,2,5,1,1,0,0,0,3,4,4,3,13,4,3,3,4,2,3,2,7,4,4,4,4,0,0,0,0,1,21
127,2,1,2,5,1,1,0,0,0,3,3,3,3,18,3,3,3,4,3,2,3,8,4,6,3,3,0,0,0,0,1,27
128,2,1,2,5,1,1,0,0,0,3,4,4,4,16,4,3,3,4,3,3,2,8,4,4,4,4,0,0,0,0,0,24
129,2,1,2,5,1,1,0,0,0,3,4,3,4,12,3,4,3,4,2,2,2,6,4,3,3,4,0,0,0,0,1,19
130,2,1,2,5,1,1,0,0,0,3,3,4,4,8,4,4,3,4,3,3,3,9,4,4,4,2,0,0,0,0,1,14
131,2,1,2,5,1,1,0,0,0,3,3,4,3,11,3,4,3,4,3,2,2,7,4,5,3,3,0,0,0,0,1,19
132,2,1,2,5,1,1,0,0,0,3,3,4,4,14,4,4,2,4,2,2,2,6,3,6,3,2,0,0,0,0,1,22
133,2,1,2,5,1,1,0,0,0,3,3,4,4,15,3,3,3,4,3,3,3,9,4,3,4,2,0,0,0,0,1,20
134,2,1,2,5,1,1,0,0,0,3,3,3,4,14,4,4,3,3,2,2,2,6,3,5,3,4,0,0,0,0,1,23
135,2,1,2,5,1,1,0,0,0,3,3,4,4,9,4,3,3,4,2,3,2,7,4,4,2,1,0,0,0,0,1,14
136,2,1,2,5,1,1,0,0,0,3,3,3,3,9,4,4,3,4,3,3,3,9,4,1,1,0,0,0,0,0,1,10
137,2,1,2,5,1,1,0,0,0,3,3,3,3,15,3,4,2,3,3,3,2,8,4,3,3,3,0,0,0,0,1,21
138,2,1,2,5,1,1,0,0,0,3,3,3,2,11,3,3,2,3,3,3,2,8,4,5,3,3,0,0,0,0,1,19
139,2,1,2,5,1,1,0,0,0,3,3,3,3,11,3,3,3,4,2,3,2,7,3,3,3,3,0,0,0,0,1,17
140,2,1,2,5,1,1,0,0,0,3,3,3,4,14,3,4,3,3,3,3,2,8,3,6,4,3,0,0,0,0,1,23
141,2,1,2,5,1,1,0,0,0,3,3,3,3,14,3,3,2,4,2,2,3,7,4,4,4,4,0,0,0,0,1,22
142,2,1,2,5,1,1,0,0,0,3,3,3,3,16,3,3,3,3,3,2,2,7,3,3,3,4,0,0,0,0,1,23
143,2,1,2,5,1,1,0,0,0,3,3,3,4,15,4,4,3,4,2,3,3,8,4,1,3,2,0,0,0,1,1,18
144,2,1,2,5,1,1,0,0,0,3,3,3,3,14,3,3,2,3,2,2,3,7,3,3,3,3,0,0,0,0,1,20
145,2,1,2,5,1,1,0,0,0,3,3,4,4,13,4,4,3,3,3,3,3,9,4,5,4,5,0,0,0,0,1,23
146,2,1,2,5,1,1,0,0,0,3,3,3,4,17,4,3,3,4,3,3,3,9,4,4,4,3,0,0,0,0,1,24
147,2,1,2,5,1,1,0,0,0,3,3,4,4,17,4,4,3,4,3,3,3,9,4,0,4,2,0,0,0,0,1,19
148,2,1,2,5,1,1,0,0,0,3,3,4,4,16,4,4,3,4,3,3,3,9,4,9,4,5,0,0,0,0,1,30
149,2,1,2,5,1,1,0,0,0,3,3,3,4,20,4,4,3,4,3,3,2,8,4,5,3,3,0,0,0,0,1,28
150,2,1,2,5,1,1,0,0,0,3,3,4,4,19,4,4,3,4,3,2,3,8,4,4,4,3,0,0,0,0,1,26
151,2,1,2,5,1,1,0,0,0,3,3,3,4,18,4,4,3,4,3,2,2,7,4,6,3,3,0,0,0,0,1,27
152,2,1,2,5,1,1,0,0,0,3,4,3,4,17,4,4,2,4,3,3,2,8,4,4,4,4,0,0,0,0,1,25
153,2,1,2,5,1,0,0,0,0,3,3,3,3,15,3,4,2,3,2,3,3,8,4,4,4,4,0,0,0,0,1,23
154,2,1,2,5,1,1,0,0,0,3,3,3,3,10,4,4,3,4,0,3,3,6,4,2,3,0,0,0,0,0,1,12
155,2,1,2,5,1,1,0,0,0,3,3,4,4,12,4,4,3,4,3,3,3,9,4,1,3,0,0,0,0,0,1,13
156,2,1,2,5,1,1,0,0,0,3,3,3,4,10,4,4,3,4,3,3,3,9,4,2,4,1,0,0,0,0,1,13
157,2,1,2,5,1,1,0,0,0,3,3,3,3,6,4,4,3,2,3,0,3,6,4,0,2,0,0,0,0,0,1,6
158,2,1,2,5,1,1,0,0,0,3,3,3,3,18,4,4,3,4,3,3,3,9,4,3,4,1,0,0,0,0,1,22
159,2,1,2,5,1,1,0,0,0,3,3,4,4,20,4,4,3,4,3,3,3,9,4,6,4,3,0,0,0,0,1,29
160,1,2,1,13,1,0,0,0,0,3,3,3,3,3,3,3,3,3,3,3,1,7,3,4,3,3,0,0,0,0,0,10
161,1,2,1,13,1,1,1,1,0,3,3,4,3,4,4,4,3,4,3,3,3,9,3,3,3,1,0,0,0,0,1,8
162,1,2,1,13,1,1,1,1,0,3,4,3,3,6,3,4,3,3,3,3,3,9,3,2,3,3,0,0,0,0,1,11
163,1,2,1,13,1,1,0,0,0,3,2,1,1,2,3,3,3,3,0,3,3,6,3,2,3,2,0,0,0,0,1,6
164,1,2,1,13,1,0,0,0,0,3,2,1,1,5,3,3,3,3,0,3,3,6,3,2,3,3,0,0,0,0,1,10
165,1,2,1,13,1,1,0,0,0,3,2,3,3,6,3,3,3,3,3,1,1,5,3,1,3,0,0,0,0,0,1,7
166,1,2,1,13,1,1,0,0,0,3,3,0,0,4,1,1,0,1,0,0,0,0,3,0,3,0,0,0,0,0,0,4
167,1,2,1,13,1,0,0,0,0,3,1,3,3,5,4,3,3,3,3,1,1,5,3,0,3,1,0,0,0,0,0,6
168,1,2,1,13,1,0,0,0,0,3,0,1,1,0,1,1,1,1,1,1,1,3,3,6,3,4,0,0,0,0,0,10
169,1,2,1,13,1,1,0,0,0,4,0,1,1,0,1,1,1,1,1,1,1,3,1,0,0,0,0,1,0,1,0,0
170,1,2,1,13,1,1,0,0,0,3,3,3,1,3,3,3,3,3,2,3,3,8,3,1,3,0,0,0,0,0,1,4
171,2,1,3,8,1,1,1,1,0,3,4,4,4,7,4,4,3,4,3,3,3,9,4,1,3,2,0,0,0,0,0,10
172,1,2,1,13,1,1,1,1,0,1,3,3,3,4,3,3,3,3,3,3,3,9,3,5,3,4,0,0,0,0,0,13
173,1,2,1,13,1,1,1,1,0,1,3,3,3,6,3,3,3,4,3,3,3,9,3,5,3,2,0,0,0,0,1,13
174,1,2,1,13,1,1,0,0,0,3,2,3,1,8,3,3,3,3,3,3,3,9,3,2,3,2,0,0,0,0,1,12
175,1,2,1,13,1,1,0,0,0,3,4,3,3,14,4,4,3,4,3,3,3,9,3,1,3,3,0,0,0,0,1,18
176,1,2,1,13,1,1,0,0,0,3,1,3,3,5,4,3,3,4,3,3,3,9,3,1,3,2,0,0,0,0,1,8
177,1,2,1,13,1,1,0,0,0,3,4,4,4,13,4,4,3,4,3,3,3,9,3,0,3,3,1,0,0,0,1,16
178,1,2,1,13,1,1,1,1,0,3,3,3,3,10,3,3,3,3,3,3,3,9,3,2,3,1,1,0,0,0,1,13
179,1,2,1,13,1,1,1,1,0,3,2,3,3,4,4,3,2,3,3,3,3,9,3,2,3,1,0,0,0,0,0,7
180,1,2,1,13,1,1,1,1,0,1,3,3,3,11,3,3,3,4,3,3,3,9,3,2,3,2,0,0,0,0,1,15
181,1,2,1,13,1,1,0,0,0,3,2,3,3,5,3,3,3,1,1,3,3,7,3,1,3,1,1,1,0,0,1,7
182,1,2,1,13,1,1,0,0,0,3,2,1,1,5,1,1,1,1,1,1,1,3,3,1,3,1,0,0,0,0,0,7
183,1,2,1,13,1,0,1,1,0,3,3,3,3,8,3,3,3,4,3,3,3,9,3,3,3,3,0,0,0,0,0,14
184,1,2,1,13,1,1,0,0,0,3,2,3,3,3,2,3,3,1,1,3,3,7,3,1,3,3,0,0,0,0,1,7
185,1,2,1,13,1,1,1,1,0,3,3,4,4,12,4,4,3,4,3,3,3,9,3,5,3,4,0,0,0,0,1,21
186,1,2,1,13,1,1,1,1,0,3,3,4,4,13,4,4,3,4,3,3,2,8,3,2,3,2,0,0,0,0,0,17
187,1,2,1,13,1,1,0,0,0,3,2,3,3,6,4,1,3,1,0,0,0,0,3,1,3,1,0,0,0,0,0,8
188,1,2,1,13,1,1,0,0,0,3,0,0,0,0,0,0,0,0,0,0,0,0,3,1,3,1,1,0,0,0,0,2
189,1,2,1,13,1,1,0,0,0,3,2,0,0,0,0,0,0,0,0,0,0,0,3,1,3,1,0,0,0,0,0,2
190,1,2,1,13,1,1,0,0,0,3,3,4,3,4,3,0,0,0,0,3,1,4,3,1,3,1,0,0,0,0,0,6
191,1,2,1,13,1,1,0,0,0,3,2,3,3,0,2,0,3,0,0,0,0,0,3,1,3,1,0,0,0,0,0,2
192,1,2,1,13,1,1,1,1,0,3,4,4,4,7,4,4,3,4,3,3,3,9,4,4,4,2,0,0,0,0,0,13
193,2,1,3,8,1,1,0,0,0,3,3,3,3,3,3,3,3,3,3,3,3,9,3,1,3,2,0,0,0,0,0,6
194,1,2,1,13,1,1,0,0,0,3,1,1,1,0,1,1,0,1,1,1,1,3,3,1,3,1,0,0,0,0,0,2
195,1,2,1,13,1,1,0,0,0,3,4,3,3,7,3,3,3,3,3,3,3,9,3,0,3,1,0,0,0,0,1,8
196,1,2,1,13,1,1,0,0,0,3,4,3,3,11,4,4,3,3,3,3,3,9,3,3,3,2,0,0,0,0,1,16
197,1,2,1,13,1,1,1,1,0,1,4,4,4,15,3,3,3,4,3,3,3,9,3,5,3,2,0,0,0,0,1,22
198,1,2,1,13,1,1,0,1,0,3,3,3,3,2,3,4,3,4,3,3,3,9,3,2,3,1,0,0,0,0,1,5
199,1,2,1,13,1,1,1,1,0,1,3,3,3,10,4,4,3,4,3,3,3,9,3,2,3,3,0,0,0,0,1,15
200,1,2,1,13,1,1,1,1,0,3,2,3,3,2,3,3,3,3,3,3,3,9,3,1,3,1,0,0,0,0,0,4
201,1,2,1,12,1,1,1,1,0,1,4,4,4,10,4,4,3,4,3,3,3,9,3,3,3,1,0,0,0,0,0,14
202,1,2,1,13,1,0,0,0,0,3,2,3,1,1,2,1,3,1,1,1,1,3,3,1,4,3,0,0,0,0,0,5
203,1,2,1,12,1,0,1,1,0,1,3,3,3,5,4,4,3,3,3,3,3,9,3,3,3,2,0,0,0,0,0,10
204,1,2,1,13,1,1,1,1,0,3,4,3,3,11,3,3,3,3,3,3,3,9,3,1,3,1,0,0,0,0,0,13
205,1,2,1,4,1,0,0,0,0,3,2,1,1,1,1,1,1,1,0,0,0,0,3,1,3,1,1,1,0,0,0,3
206,1,2,4,12,1,1,0,0,0,3,4,3,3,6,3,3,3,3,3,3,3,9,3,1,3,1,0,0,0,0,0,8
207,1,2,4,12,1,1,1,1,0,1,4,4,4,10,3,3,2,3,3,3,3,9,3,3,3,2,0,0,0,0,0,15
208,2,1,2,11,1,1,1,0,0,3,2,3,1,1,3,3,3,1,3,3,1,7,3,2,3,1,0,0,0,0,1,4
209,1,2,4,12,1,1,0,0,0,3,4,4,3,10,3,3,3,3,2,3,3,8,4,1,3,1,0,0,0,0,0,12
210,2,1,2,11,1,1,0,0,0,3,2,1,3,5,2,3,3,3,3,3,3,9,3,2,3,2,0,0,0,0,1,9
211,1,2,4,14,1,0,0,0,0,3,3,3,3,2,3,3,3,3,3,3,3,9,3,1,3,1,0,0,0,0,0,4
212,1,2,4,12,1,1,1,1,0,1,2,1,1,1,2,1,3,1,1,1,1,3,3,2,3,2,0,0,0,0,0,5
213,2,1,2,11,1,1,0,0,0,3,3,3,3,5,3,3,3,3,3,3,3,9,3,1,3,1,0,0,0,0,1,7
214,1,2,4,12,1,1,0,0,0,3,3,3,3,2,3,3,3,3,3,3,3,9,3,1,3,1,0,0,0,0,0,4
215,2,1,2,11,1,1,0,0,0,3,3,3,3,7,3,3,3,3,3,3,3,9,3,1,3,1,0,0,0,0,0,9
216,1,2,4,12,1,1,1,1,0,3,4,4,4,6,3,3,3,3,3,3,3,9,3,1,3,2,0,0,0,0,0,9
217,1,2,4,12,1,1,0,0,0,3,2,3,1,2,2,1,3,1,1,1,1,3,3,1,3,1,0,0,0,0,0,4
218,1,2,4,12,1,1,1,1,0,3,4,4,4,9,3,3,3,4,3,3,3,9,3,2,3,3,0,0,0,0,0,14
219,2,1,2,11,1,1,1,1,0,3,3,3,3,5,3,3,3,3,3,3,3,9,3,2,3,1,0,0,0,0,1,8
220,1,2,4,12,1,1,0,0,0,3,4,4,4,2,3,3,3,3,2,2,2,6,3,1,3,1,0,0,0,0,1,4
221,2,1,2,11,1,1,0,0,0,3,2,3,3,4,3,3,3,3,3,3,3,9,3,1,3,1,0,0,0,0,1,6
222,1,2,4,12,1,1,0,0,0,3,0,0,0,0,0,0,3,0,0,1,1,2,3,1,3,1,0,0,0,0,0,2
223,1,2,4,12,1,1,1,1,0,1,0,1,1,1,2,1,0,1,3,1,1,5,4,1,3,1,0,0,0,0,0,3
224,2,1,2,11,1,1,0,0,0,3,3,3,3,6,3,3,3,3,3,3,3,9,3,2,3,2,0,0,0,0,1,10
225,2,1,2,11,1,1,0,0,0,3,2,3,3,6,3,3,3,3,3,2,3,8,3,2,3,2,0,0,0,0,0,10
226,1,2,4,12,1,1,1,1,0,3,2,3,3,12,3,3,3,4,3,3,1,7,3,1,3,1,0,0,0,0,0,14
227,2,1,2,11,1,1,1,1,0,3,3,3,3,4,3,3,3,3,3,1,1,5,3,1,3,2,1,0,0,0,1,7
228,1,2,4,12,1,1,1,1,0,3,4,4,4,9,3,3,3,3,3,3,3,9,3,2,3,1,0,0,0,0,0,12
229,2,1,2,11,1,1,0,0,0,3,3,3,3,9,3,3,3,3,3,3,3,9,3,2,3,3,0,0,0,0,1,14
230,1,2,4,12,1,1,1,1,0,3,3,3,3,5,3,3,3,1,1,3,3,7,3,1,3,2,0,0,0,0,0,8
231,1,2,4,12,1,0,1,0,0,3,3,3,3,8,3,3,3,3,3,3,3,9,3,1,3,1,0,0,0,0,0,10
232,1,2,4,12,1,1,1,1,0,3,3,3,3,17,3,3,3,4,3,3,3,9,3,2,3,1,0,0,0,0,0,20
233,1,2,4,12,1,0,1,1,0,3,3,3,3,10,3,3,3,4,3,3,3,9,3,1,3,3,0,0,0,0,0,14
234,1,2,4,12,1,1,0,0,0,3,3,3,3,13,3,3,3,3,3,3,3,9,3,1,3,1,0,0,0,0,0,15
235,2,1,2,11,1,1,1,1,0,3,3,3,3,0,3,3,3,3,3,3,3,9,3,3,3,3,0,0,0,0,0,6
236,1,2,4,12,1,1,1,1,0,3,3,3,3,11,3,3,3,3,3,3,3,9,3,3,3,3,0,0,0,0,0,17
237,2,1,2,11,1,1,0,0,0,3,3,3,1,4,3,3,3,3,3,3,3,9,3,2,3,2,0,0,0,0,1,8
238,2,1,2,11,1,1,0,0,0,3,3,3,3,6,3,3,3,3,3,3,3,9,3,2,3,2,0,0,0,0,1,10
239,1,2,4,12,1,1,1,1,0,3,3,3,3,4,3,3,3,4,3,1,1,5,3,1,3,1,0,0,0,0,0,6
240,1,2,4,12,1,1,0,0,0,3,3,3,3,4,3,3,3,3,3,3,3,9,3,1,3,2,0,0,0,0,0,7
241,2,1,2,11,1,1,1,1,0,3,3,3,3,5,3,3,3,3,3,3,3,9,0,1,3,2,0,0,0,0,1,8
242,1,2,4,12,1,1,0,0,0,3,3,3,3,5,3,3,3,3,3,3,1,7,3,1,3,1,0,0,0,0,1,7
243,2,1,2,11,1,1,1,1,0,3,2,3,1,5,3,1,3,1,1,3,3,7,3,2,3,2,0,0,0,0,1,9
244,1,2,4,12,1,1,0,0,0,3,3,3,3,8,3,3,3,3,3,1,1,5,3,1,3,1,0,0,0,0,1,10
245,2,1,3,8,1,1,0,0,0,3,3,3,3,4,3,3,3,3,3,3,3,9,3,2,3,2,0,0,0,0,1,8
246,1,2,4,12,1,1,0,0,0,3,3,3,3,6,3,3,3,3,3,3,3,9,3,1,3,2,0,0,0,0,0,9
247,1,2,4,12,1,1,1,1,0,3,3,3,3,5,3,3,3,3,3,1,1,5,3,1,1,1,0,0,0,0,0,7
248,1,2,4,12,1,1,1,1,0,1,3,3,3,6,3,3,3,4,3,3,3,9,3,3,3,3,0,0,0,0,0,12
249,1,2,4,12,1,1,0,0,0,3,3,3,3,5,3,3,3,4,3,3,3,9,3,2,3,2,0,0,0,0,0,9
250,1,2,4,12,1,1,1,1,0,1,3,3,3,9,3,3,3,4,3,3,3,9,3,2,3,2,0,0,0,0,0,13
251,2,1,3,8,1,1,1,1,0,3,3,3,3,8,3,3,3,3,3,3,3,9,3,1,3,2,0,0,0,0,0,11
252,2,1,3,8,1,1,0,0,0,3,3,3,3,3,3,3,3,3,3,3,3,9,3,2,3,2,0,0,0,0,0,7
253,2,1,3,8,1,1,1,1,0,3,3,3,3,4,3,3,3,3,3,3,3,9,3,1,3,1,0,0,0,0,0,6
254,1,2,1,13,1,1,1,1,0,1,3,3,3,6,3,3,3,3,3,3,3,9,3,3,3,2,0,0,0,0,0,11
255,1,2,1,13,1,1,1,0,0,3,3,3,3,9,3,3,3,3,3,3,3,9,3,3,3,1,0,0,0,0,0,13
256,1,2,1,13,1,1,1,1,0,3,3,3,3,8,3,3,3,3,3,3,3,9,3,2,3,2,0,0,0,0,1,12
257,2,1,3,8,1,1,1,1,0,1,3,3,3,5,3,3,3,4,3,3,3,9,3,1,3,1,0,0,0,0,0,7
258,2,1,3,8,1,0,1,1,0,3,3,3,3,5,3,3,3,3,3,3,3,9,3,0,3,1,0,0,0,0,0,6
259,2,1,3,8,1,1,0,0,0,3,3,3,3,5,3,3,3,3,3,3,3,9,3,1,3,2,0,0,0,0,1,8
260,2,1,3,8,1,1,0,0,0,3,3,3,3,6,3,3,3,3,3,3,3,9,3,1,3,1,0,0,0,0,0,8
261,2,1,3,8,1,1,0,0,0,3,3,3,3,4,3,3,3,3,3,3,3,9,3,1,3,2,0,0,0,0,0,7
262,2,1,3,8,1,1,0,0,0,3,2,3,3,6,3,3,3,3,3,3,3,9,3,1,3,2,0,0,0,0,0,9
263,2,1,3,8,1,1,1,1,0,3,4,4,3,9,3,3,3,3,3,3,3,9,3,1,3,1,0,0,0,0,0,11
264,2,1,3,8,1,1,0,0,0,3,3,3,3,7,3,3,3,3,3,3,3,9,3,3,3,1,0,0,0,0,0,11
265,2,1,3,8,1,1,1,1,0,1,1,1,1,1,0,1,3,3,3,3,1,7,3,1,3,1,1,1,0,0,1,3
266,2,1,3,8,1,1,1,1,0,3,3,3,3,8,3,3,3,3,3,3,3,9,3,2,3,2,0,0,0,0,0,12
267,2,1,3,8,1,1,0,0,0,3,3,3,3,3,3,3,3,3,3,3,3,9,3,1,3,3,1,0,0,0,1,7
268,2,1,3,8,1,1,1,1,0,3,3,3,3,2,3,3,3,3,3,3,1,7,3,1,3,1,0,0,0,0,0,4
269,2,1,3,8,1,1,0,1,0,1,3,3,3,7,3,3,3,3,3,3,3,9,3,1,3,2,0,0,0,0,0,10
270,2,1,3,8,1,0,1,0,0,3,3,3,3,1,3,3,3,3,3,3,3,9,3,1,3,1,0,0,0,0,0,3
271,2,1,3,8,1,0,1,1,0,3,3,3,3,2,3,3,3,3,3,3,3,9,3,2,3,3,0,0,1,0,1,7
272,2,1,3,8,1,0,1,1,0,3,3,3,3,9,3,3,3,3,3,3,3,9,3,2,3,2,0,0,0,0,0,13
273,2,1,3,8,1,1,0,0,0,3,3,3,3,5,3,3,3,3,3,3,3,9,3,1,3,1,0,0,0,0,1,7
274,2,1,3,8,1,1,0,0,0,3,3,3,3,1,3,3,3,1,1,1,1,3,3,1,3,2,0,0,0,0,1,4
275,2,1,3,8,1,1,0,0,0,3,2,3,3,3,3,3,3,1,1,3,3,7,3,2,3,2,0,0,0,0,1,7
276,2,1,3,8,1,1,0,0,0,3,0,0,0,1,3,3,3,3,3,1,1,5,3,1,3,1,0,0,0,0,1,3
277,2,1,3,8,1,1,1,1,0,3,3,4,4,11,3,3,3,3,3,3,3,9,3,1,3,4,0,0,0,0,0,16
278,2,1,3,8,1,1,1,1,0,3,3,3,3,3,3,3,3,3,3,3,3,9,3,1,3,1,0,0,0,0,1,5
279,2,1,3,8,1,0,1,1,0,3,3,3,3,2,3,3,3,3,3,3,3,9,3,1,3,1,0,0,0,1,1,4
280,2,1,3,8,1,1,1,1,0,3,0,0,0,0,0,1,0,1,0,0,0,0,1,0,3,1,1,1,1,1,1,1
281,2,1,3,8,1,0,1,1,0,3,2,3,3,2,3,3,3,3,3,3,3,9,3,1,3,1,0,0,0,0,0,4
282,2,1,3,8,0,0,1,1,0,1,3,3,3,6,3,4,3,4,3,3,3,9,3,1,3,1,0,0,0,0,1,8
283,2,1,3,8,1,1,0,0,0,3,3,3,3,6,3,3,3,3,3,3,3,9,3,2,3,3,0,0,0,0,0,11
284,2,1,3,8,1,1,0,0,0,3,3,3,3,8,3,3,3,3,3,3,3,9,3,3,3,3,0,0,0,0,1,14
285,2,1,3,8,1,1,0,0,0,3,3,3,3,11,3,3,3,3,3,3,3,9,3,4,3,3,0,0,0,0,1,18
286,2,1,3,8,1,1,0,0,0,3,2,3,1,6,3,1,3,1,1,3,3,7,3,1,3,1,0,0,0,0,1,8
287,2,1,3,8,1,1,0,0,0,3,3,3,3,2,3,3,3,1,1,1,1,3,3,1,3,1,1,1,0,0,0,4
288,2,1,3,8,1,1,0,0,0,3,3,3,3,3,3,3,3,3,3,3,3,9,3,2,3,1,0,0,0,0,1,6
289,2,1,3,8,1,1,0,0,0,3,2,3,3,2,2,3,3,3,3,3,3,9,3,1,3,1,0,0,0,0,1,4
290,2,1,3,8,1,1,0,0,0,3,2,1,1,2,1,1,3,1,1,1,1,3,3,1,3,3,0,0,0,0,1,6
291,2,1,3,8,1,1,0,0,0,3,3,3,3,2,3,3,3,3,3,3,3,9,3,1,3,1,1,0,1,0,1,4
292,2,1,2,11,1,1,1,1,0,3,3,3,3,7,3,3,3,3,3,3,3,9,3,3,3,3,0,0,0,0,1,13
293,2,1,2,11,1,1,1,1,0,1,3,3,3,4,3,3,3,3,3,3,3,9,3,2,3,1,0,0,0,0,0,7
294,2,1,2,11,1,1,1,1,0,3,2,3,3,4,3,3,3,3,3,3,3,9,3,2,3,1,0,0,0,0,1,7
295,2,1,2,11,1,1,0,0,0,3,3,3,3,3,3,3,3,3,3,3,3,9,3,2,3,1,0,0,0,0,1,6
296,2,1,2,11,1,1,0,0,0,3,3,3,3,6,3,3,3,3,3,3,1,7,3,2,3,2,0,0,0,0,1,10
297,2,1,2,11,1,1,0,0,0,3,2,1,1,1,3,1,1,1,1,3,1,5,3,1,3,1,0,0,0,0,1,3
298,2,1,2,11,1,1,1,1,0,3,3,3,3,6,3,3,3,3,3,3,3,9,3,3,3,2,0,0,0,0,1,11
299,2,1,2,11,1,1,1,1,0,1,3,3,3,5,3,3,3,3,3,3,3,9,3,4,3,2,0,0,0,0,1,11
300,1,2,1,13,1,0,0,0,0,3,3,3,3,6,3,3,3,3,3,3,3,9,3,2,3,1,0,0,0,0,0,9
301,1,2,1,13,1,1,0,0,0,3,3,3,3,7,4,4,3,0,0,0,0,0,3,1,3,1,0,0,0,0,0,9
302,1,2,1,12,1,0,1,1,0,1,4,4,4,6,3,4,3,3,3,3,3,9,3,2,3,3,0,0,0,0,0,11
303,1,2,1,13,1,1,1,1,0,1,4,4,4,8,3,4,3,4,3,3,3,9,4,4,4,2,0,0,0,0,0,14
304,1,2,1,13,1,1,1,0,0,3,3,3,3,8,3,3,3,3,3,3,1,7,3,1,3,1,0,0,0,0,0,10
305,2,1,2,11,1,1,0,0,0,3,3,3,3,5,3,3,3,3,3,3,3,9,3,1,3,1,0,0,0,0,1,7
306,1,2,4,12,1,1,1,1,0,1,3,3,3,14,3,3,3,4,3,3,3,9,3,3,3,3,0,0,0,0,0,20
307,2,1,2,11,1,1,1,0,0,3,2,1,3,4,3,3,3,3,3,3,3,9,3,1,3,1,0,0,0,0,1,6
308,1,2,4,12,1,1,0,0,0,3,2,3,1,5,4,3,3,4,3,3,1,7,3,2,3,1,0,0,0,0,0,8
309,2,1,2,11,1,1,1,1,0,3,3,3,3,5,3,3,3,3,3,3,1,7,3,3,3,4,0,0,0,0,1,12
310,2,1,2,11,1,1,0,0,0,3,3,3,3,3,3,3,3,3,3,3,3,9,3,2,3,2,0,0,1,1,1,7
311,1,2,4,12,1,1,1,1,0,1,4,4,4,15,4,4,3,4,3,3,3,9,4,5,3,4,0,0,0,0,0,24
312,2,1,1,11,1,1,0,0,0,3,2,3,3,3,3,3,3,3,3,3,3,9,3,2,3,1,0,0,0,0,0,6
313,1,2,4,12,1,1,1,1,0,3,3,3,3,19,4,4,3,4,3,3,3,9,4,4,4,2,0,0,0,0,0,25
314,1,2,4,12,1,0,1,1,0,3,3,3,3,7,3,3,3,3,3,3,3,9,3,4,3,3,0,0,0,0,0,14
315,1,2,4,12,1,1,1,1,0,3,4,4,4,10,3,3,3,4,3,3,3,9,3,2,3,1,0,0,0,0,1,13
316,2,1,2,11,1,1,0,0,0,3,2,3,3,3,2,1,3,1,1,3,3,7,3,3,3,1,0,0,0,0,1,7
317,1,2,4,12,1,1,0,0,0,3,3,3,3,10,2,1,3,1,1,3,1,5,3,1,3,2,0,0,0,0,0,13
318,2,1,2,11,1,1,1,1,0,3,3,3,3,7,3,3,3,3,3,3,3,9,3,2,3,1,0,0,0,0,0,10
319,1,2,4,12,1,0,0,0,0,3,2,1,3,2,4,1,0,1,3,1,1,5,3,3,3,3,0,0,0,0,1,8
320,1,2,4,12,1,1,1,1,0,3,2,3,3,2,2,3,3,3,3,1,1,5,3,1,3,2,0,0,0,0,1,5
321,1,2,4,12,1,1,1,1,0,1,3,3,3,14,3,3,3,3,3,3,3,9,3,2,3,2,0,0,0,0,0,18
322,1,2,4,12,1,1,1,1,0,1,4,4,4,12,3,1,0,1,1,1,1,3,3,4,3,2,0,0,0,0,0,18
323,2,1,2,11,1,1,0,0,0,3,3,3,3,6,3,3,3,3,3,3,3,9,3,2,3,1,0,0,0,0,1,9
324,1,2,4,12,1,1,1,1,0,1,3,3,3,13,3,3,3,4,3,3,3,9,3,1,3,1,0,0,0,0,0,15
325,2,1,2,11,1,1,1,1,0,3,3,3,3,4,3,3,3,3,3,3,3,9,3,1,3,1,0,0,0,0,1,6
326,1,2,4,12,1,1,0,0,0,3,2,1,1,4,2,1,3,1,1,3,3,7,3,1,3,1,0,0,0,0,0,6
327,2,1,2,11,1,1,1,1,0,3,3,3,3,7,3,3,3,3,3,3,3,9,3,2,3,2,0,0,0,0,1,11
328,2,1,2,11,1,1,0,0,0,3,3,3,3,6,3,3,3,3,3,3,3,9,3,1,3,1,1,1,1,0,1,8
329,2,1,2,11,1,1,0,0,0,3,3,3,3,6,3,3,2,3,3,3,3,9,3,1,3,1,0,0,0,0,1,8
330,2,1,2,11,1,1,0,0,0,3,3,3,3,6,3,3,3,3,3,3,3,9,3,2,3,2,0,0,0,0,1,10
331,2,1,2,11,1,1,1,1,0,3,3,3,3,3,3,3,3,3,3,1,1,5,3,1,3,1,1,0,0,0,0,5
332,1,2,4,12,1,1,1,1,0,3,3,3,3,8,3,3,3,3,3,3,3,9,3,1,3,1,0,0,0,0,0,10
333,1,2,4,12,1,1,0,0,0,3,3,3,3,8,3,3,3,3,3,3,3,9,3,1,3,1,0,0,0,0,1,10
334,2,1,2,11,1,1,0,0,0,3,3,3,3,5,3,3,3,3,3,3,3,9,3,2,3,2,0,0,0,0,1,9
335,2,1,2,11,1,1,0,0,0,3,3,3,3,6,3,3,3,3,3,3,3,9,3,1,3,1,0,0,0,0,1,8
336,1,2,4,12,1,1,0,0,0,3,3,3,3,7,3,3,3,3,3,3,3,9,4,2,3,2,0,1,0,0,1,11
337,2,1,2,11,1,1,0,0,0,3,3,3,1,5,3,3,3,3,3,3,1,7,3,2,3,2,0,1,0,0,1,9
338,1,2,4,12,1,1,1,1,0,3,3,3,3,7,3,3,3,3,3,3,3,9,3,1,3,2,0,0,0,0,0,10
339,2,1,3,8,1,1,0,0,0,3,2,3,3,2,3,3,3,3,3,3,3,9,3,2,3,1,0,0,0,0,1,5
340,1,2,4,12,1,1,1,1,0,3,3,3,3,11,3,3,3,4,3,3,3,9,3,2,3,2,0,0,0,0,1,15
341,2,1,3,8,1,1,0,0,0,3,3,3,3,5,3,3,3,3,3,3,3,9,3,1,3,2,0,0,1,0,1,8
342,2,1,3,8,1,1,1,1,0,3,2,3,3,5,3,3,3,3,3,3,3,9,3,2,3,2,0,0,0,0,1,9
343,2,1,3,8,1,1,1,1,0,3,3,3,3,4,3,3,3,3,3,3,3,9,3,2,3,2,0,0,0,0,1,8
344,2,1,3,8,1,1,0,1,0,3,3,3,3,3,3,3,3,3,3,3,3,9,3,3,3,3,0,0,0,0,1,9
345,1,2,1,4,1,1,0,0,0,3,2,3,3,9,3,3,3,3,2,3,2,7,3,3,3,2,0,0,0,0,1,14
346,1,2,1,4,1,1,0,1,0,3,3,3,3,10,3,3,3,3,3,3,3,9,3,2,3,1,0,0,0,0,0,13
347,1,2,1,4,0,0,1,0,0,2,4,3,4,19,4,3,3,4,3,3,2,8,3,6,3,3,0,0,0,0,1,28
348,1,2,1,4,1,0,1,0,0,3,2,3,3,4,3,3,3,3,3,1,3,7,3,1,3,1,0,0,0,0,0,6
349,2,1,2,11,1,1,1,1,0,1,3,3,3,2,3,3,3,3,3,3,3,9,3,1,3,1,1,1,0,1,1,4
350,2,1,2,11,1,1,1,1,0,3,3,3,3,6,3,3,3,3,3,3,3,9,3,2,3,2,0,0,0,0,1,10
351,1,2,1,15,1,1,1,1,0,2,2,3,3,3,3,3,3,3,3,3,3,9,3,3,3,3,0,0,0,0,0,9
352,1,2,1,15,1,1,1,1,0,3,4,4,4,9,3,4,3,4,3,3,3,9,3,5,4,5,0,0,0,0,0,19
353,1,2,1,15,1,1,1,0,0,2,3,4,4,11,4,4,3,4,3,3,3,9,3,6,4,5,0,0,0,0,0,22
354,1,2,1,15,1,0,0,0,0,3,4,4,4,14,4,4,3,4,3,3,3,9,4,7,4,5,0,0,0,0,0,26
355,1,2,1,15,1,1,1,1,0,3,4,4,4,10,4,4,3,4,3,3,3,9,4,7,4,5,0,0,0,0,0,22
356,1,2,1,15,1,0,1,0,0,3,4,4,4,12,4,4,3,4,3,3,3,9,4,7,4,5,0,0,0,0,0,24
357,1,2,1,15,1,1,1,0,0,3,4,4,4,6,4,4,3,4,3,3,3,9,4,3,4,5,0,0,0,0,0,14
358,1,2,1,15,1,0,1,0,0,2,4,4,4,7,4,4,3,4,3,3,3,9,4,3,4,4,0,0,0,0,0,14
359,1,2,1,15,1,0,1,0,0,3,4,4,4,5,4,4,3,4,3,3,3,9,4,7,3,5,0,0,0,0,0,17
360,1,2,1,15,0,0,1,0,0,2,3,3,4,14,4,4,2,3,2,3,3,8,4,7,4,5,0,0,0,0,0,26
361,1,2,1,15,1,1,1,0,0,3,4,4,4,4,3,4,2,3,2,2,2,6,4,7,3,5,0,0,0,0,0,16
362,1,2,1,15,1,1,1,0,0,3,2,3,3,4,4,4,3,4,3,3,3,9,4,5,3,5,0,0,0,0,0,14
363,1,2,1,15,1,0,1,0,0,3,3,3,3,4,4,4,2,3,2,2,2,6,4,5,3,5,0,0,0,0,0,14
364,1,2,1,15,1,0,0,0,0,3,2,4,4,5,2,3,2,3,2,2,3,7,4,7,4,5,0,0,0,0,0,17
365,1,2,1,15,1,0,0,0,0,2,4,4,4,6,4,4,3,3,2,2,2,6,3,6,3,4,0,0,0,0,0,16
366,1,2,1,15,1,1,1,0,0,3,3,3,3,2,3,3,2,4,2,2,3,7,4,4,3,3,0,0,0,0,0,9
367,1,2,1,15,1,1,1,0,0,3,4,4,4,2,4,4,2,4,3,3,2,8,3,5,3,3,0,0,0,0,0,10
368,1,2,1,15,1,1,1,1,0,3,3,3,3,5,3,3,2,3,2,2,2,6,3,6,3,4,0,0,0,0,0,15
369,1,2,1,15,1,0,0,0,0,3,4,4,3,3,3,4,2,4,3,3,3,9,4,5,3,4,0,0,0,0,0,12
370,1,2,1,15,1,1,1,1,0,3,3,3,3,3,3,4,3,4,3,2,3,8,4,5,4,4,0,0,0,0,0,12
371,1,2,1,15,1,1,1,0,0,3,3,3,3,5,3,3,2,3,2,2,2,6,3,7,3,4,0,0,0,0,0,16
372,1,2,1,15,1,1,1,1,0,3,3,3,3,5,3,3,2,3,2,3,3,8,4,5,3,5,0,0,0,0,0,15
373,1,2,1,15,1,1,0,0,0,3,3,3,3,5,3,3,2,3,2,3,3,8,4,6,3,5,0,0,0,0,0,16
374,1,2,1,15,1,1,1,0,0,3,3,3,3,5,3,3,2,3,2,3,3,8,3,5,3,4,0,0,0,0,0,14
375,1,2,1,15,1,1,1,0,0,3,3,3,3,5,4,4,2,3,3,3,3,9,4,7,3,3,0,0,0,0,0,15
376,1,2,1,15,1,1,1,0,0,3,3,3,3,6,3,3,2,3,2,2,2,6,4,7,3,4,0,0,0,0,0,17
377,1,2,1,15,1,1,1,0,0,3,3,3,3,4,3,3,2,4,3,3,3,9,4,2,4,5,0,0,0,0,0,11
378,1,2,1,15,1,0,1,0,0,3,3,3,3,4,3,3,3,4,3,3,3,9,4,6,4,5,0,0,0,0,0,15
379,1,2,1,15,1,1,1,1,0,2,3,4,4,3,4,4,3,4,3,3,3,9,4,5,3,5,0,0,0,0,0,13
380,1,2,1,15,1,1,1,0,0,3,4,4,4,6,4,4,3,4,3,3,3,9,4,3,4,4,0,0,0,0,0,13
381,1,2,1,15,1,0,1,0,0,2,3,3,3,3,3,4,3,3,3,3,3,9,4,6,4,4,0,0,0,0,0,13
382,1,2,1,15,1,1,1,0,0,3,3,3,3,4,3,4,2,3,2,2,2,6,4,5,4,4,0,0,0,0,0,13
383,1,2,1,15,1,1,1,0,0,2,3,4,4,4,4,4,2,3,2,2,2,6,4,4,3,3,0,0,0,0,0,11
384,1,2,1,15,1,1,1,1,0,1,4,4,3,3,4,4,3,3,2,2,3,7,4,7,4,4,0,0,0,0,0,14
385,1,2,1,15,1,1,1,0,0,3,3,3,3,8,3,4,3,4,3,3,3,9,4,2,3,3,0,0,0,0,0,13
386,1,2,1,15,1,0,0,0,0,3,3,3,3,2,3,3,2,3,2,2,2,6,3,2,3,3,0,0,0,0,0,7
387,1,2,1,15,1,0,1,0,0,3,3,3,3,2,3,3,2,3,2,3,3,8,3,3,3,3,0,0,0,0,0,8
388,1,2,1,15,1,0,0,0,0,3,3,3,3,2,3,3,3,3,3,3,3,9,4,3,3,3,0,0,0,0,0,8
389,1,2,1,15,1,0,1,1,0,3,3,3,3,3,3,3,3,4,3,3,3,9,3,3,3,3,0,0,0,0,0,9
390,1,2,1,15,1,1,1,0,0,3,3,4,3,6,3,3,3,4,3,3,3,9,3,2,3,2,0,0,0,0,0,10
391,1,2,1,15,1,0,1,0,0,3,3,3,3,3,3,3,3,4,3,3,3,9,4,5,3,3,0,0,0,0,0,11
392,1,2,1,15,1,0,1,1,0,3,3,3,3,4,4,4,3,4,3,3,3,9,4,2,4,3,0,0,0,0,0,9
393,1,2,1,15,1,1,1,0,0,3,3,3,3,4,4,3,3,4,3,3,3,9,4,3,3,3,0,0,0,0,0,10
394,1,2,1,15,1,0,0,0,0,3,3,3,3,4,3,3,3,4,3,3,3,9,4,2,3,3,0,0,0,0,0,9
395,1,2,1,15,1,1,1,0,0,3,3,3,3,2,3,4,3,4,3,3,3,9,3,2,3,1,0,0,0,0,0,5
396,1,2,1,15,1,1,1,1,0,3,3,4,4,4,4,4,3,4,3,3,3,9,4,5,4,4,0,0,0,0,0,13
397,1,2,1,15,1,1,1,1,0,2,3,3,3,4,3,3,2,4,3,3,3,9,4,7,4,5,0,0,0,0,0,16
398,1,2,4,3,1,1,1,0,0,3,3,3,3,2,3,4,3,3,3,2,3,8,3,2,3,2,0,0,0,0,0,6
399,1,2,4,3,1,0,1,0,0,3,3,3,3,2,3,3,3,3,3,3,3,9,3,2,3,3,0,0,0,0,0,7
400,1,2,4,3,1,0,1,0,0,3,3,3,3,4,3,3,3,3,3,3,3,9,3,3,3,4,0,0,0,0,0,11
401,1,2,4,3,1,0,1,0,0,3,3,3,3,3,3,3,3,3,3,3,3,9,3,3,3,3,0,0,0,0,0,9
402,1,2,4,3,1,0,1,0,0,3,3,3,3,3,3,3,3,3,3,3,3,9,3,3,3,3,0,0,0,0,0,9
403,1,2,4,3,1,0,1,0,0,3,3,3,3,3,3,3,2,3,2,3,3,8,3,2,3,2,0,0,0,0,0,7
404,1,2,4,3,1,0,1,0,0,2,3,3,3,7,3,3,3,3,3,3,3,9,3,4,3,3,0,0,0,0,0,14
405,1,2,4,3,1,0,1,0,0,3,3,3,3,2,3,3,2,4,3,3,3,9,3,2,3,1,0,0,0,0,0,5
406,1,2,4,3,1,0,0,0,0,3,3,3,3,3,3,3,2,3,3,3,3,9,3,3,3,5,0,0,0,0,0,11
407,1,2,4,3,1,0,1,0,0,3,3,3,3,1,3,3,3,4,3,3,3,9,3,2,3,2,0,0,0,0,0,5
408,1,2,4,3,1,0,0,0,0,3,3,3,3,3,3,3,3,3,3,3,3,9,3,1,3,2,0,0,0,0,0,6
409,1,2,4,3,1,0,0,0,0,3,3,3,3,7,3,4,3,3,2,2,3,7,3,4,3,5,0,0,0,0,0,16
410,1,2,4,3,0,1,1,0,0,3,3,3,3,2,3,3,2,4,3,3,3,9,3,2,3,3,0,0,0,0,0,7
411,1,2,4,3,0,0,1,0,0,2,3,3,3,7,3,3,3,3,3,3,3,9,3,4,3,5,0,0,0,0,0,16
412,1,2,4,3,1,0,1,0,0,2,3,3,3,3,3,3,3,4,3,3,3,9,3,2,3,2,0,0,0,0,0,7
413,1,2,4,3,1,0,0,0,0,3,3,3,3,4,3,3,3,4,3,3,3,9,3,3,3,3,0,0,0,0,0,10
414,1,2,4,3,1,0,1,0,0,3,3,4,3,2,3,3,2,4,3,3,3,9,4,3,3,1,0,0,0,0,0,6
415,1,2,4,3,1,0,1,0,0,3,3,3,3,2,3,4,2,3,2,2,3,7,4,3,3,3,0,0,0,0,0,8
416,1,2,4,3,1,0,1,0,0,3,3,3,3,4,3,3,2,3,2,2,2,6,4,4,3,2,0,0,0,0,0,10
417,1,2,4,3,1,0,1,0,0,2,2,3,3,3,2,3,2,3,2,2,3,7,3,4,3,1,0,0,0,0,0,8
418,1,2,4,3,1,0,1,0,0,3,3,3,3,4,3,3,2,3,3,3,3,9,3,3,3,4,0,0,0,0,0,11
419,1,2,4,3,1,0,0,0,0,3,3,3,3,3,3,3,2,4,3,3,3,9,3,4,3,5,0,0,0,0,0,12
420,1,2,4,3,1,0,1,0,0,3,2,3,3,4,3,3,3,4,3,3,3,9,4,4,3,5,0,0,0,0,0,13
421,1,2,4,3,1,0,0,0,0,3,3,3,3,4,3,3,3,3,3,3,3,9,3,3,3,4,0,0,0,0,0,11
422,1,2,4,3,1,1,1,0,0,3,3,3,3,7,3,3,3,4,3,3,3,9,4,4,3,4,0,0,0,0,0,15
423,1,2,4,3,1,0,1,0,0,3,3,3,3,5,3,3,3,4,3,3,3,9,4,3,3,5,0,0,0,0,0,13
424,1,2,4,3,1,1,1,0,0,3,3,3,3,4,3,3,2,3,3,3,3,9,3,3,3,3,0,0,0,0,0,10
425,1,2,4,3,1,0,0,0,0,3,3,3,3,4,3,3,3,3,2,3,3,8,3,3,3,5,0,0,0,0,0,12
426,1,2,4,3,1,1,1,0,0,3,3,3,3,4,3,4,3,4,3,3,3,9,3,4,3,3,0,0,0,0,0,11
427,1,2,4,3,1,1,0,0,0,3,3,3,3,2,3,3,2,4,3,3,3,9,4,6,3,5,0,0,0,0,0,13
428,1,2,4,3,1,1,1,0,0,3,3,3,3,5,3,4,3,4,3,3,3,9,4,3,3,1,0,0,0,0,0,9
429,1,2,4,3,1,1,1,1,0,2,3,3,3,2,3,3,3,4,3,3,3,9,3,3,3,3,0,0,0,0,0,8
430,1,2,4,3,1,0,1,0,0,3,3,3,3,8,3,3,2,3,3,3,3,9,3,4,3,3,0,0,0,0,0,15
431,1,2,4,3,1,1,1,0,0,3,3,3,3,6,3,3,2,4,3,3,3,9,4,6,4,4,0,0,0,0,0,16
432,1,2,4,3,1,1,1,0,0,2,3,3,3,2,3,4,3,3,3,3,3,9,3,4,3,4,0,0,0,0,0,10
433,1,2,4,3,1,1,1,0,0,2,3,3,3,2,3,4,3,3,3,3,3,9,3,3,3,5,0,0,0,0,0,10
434,1,2,4,3,1,1,1,0,0,3,3,3,3,5,3,3,3,4,3,3,3,9,3,5,3,4,0,0,0,0,0,14
435,1,2,4,3,1,0,1,0,0,2,3,3,3,5,3,3,3,3,3,3,3,9,3,4,3,2,0,0,0,0,0,11
436,1,2,4,3,1,1,1,0,0,2,3,3,3,3,3,3,3,3,3,3,3,9,4,2,3,2,0,0,0,0,0,7
437,1,2,4,3,1,1,1,0,0,3,3,3,3,4,3,3,3,4,3,3,3,9,3,3,3,1,0,0,0,0,0,8
438,1,2,4,3,1,0,0,0,0,3,3,3,3,4,3,3,3,3,3,3,3,9,3,4,3,3,0,0,0,0,0,11
439,1,2,4,3,1,0,1,0,0,3,3,3,3,2,4,3,3,3,3,3,3,9,3,3,3,3,0,0,0,0,0,8
440,1,2,4,3,1,0,1,0,0,3,3,3,3,8,3,3,3,3,3,3,3,9,3,3,3,1,0,0,0,0,0,12
441,1,2,4,3,1,0,1,0,0,3,3,3,3,6,3,3,3,3,3,3,3,9,3,3,3,1,0,0,0,0,0,10
442,1,2,4,3,1,0,1,0,0,3,3,3,3,4,3,3,3,3,3,3,3,9,3,3,3,3,0,0,0,0,0,10
443,1,2,4,3,1,0,1,0,0,3,3,3,3,12,3,3,2,3,3,3,3,9,3,3,3,1,0,0,0,0,0,16
444,1,2,4,3,1,1,0,0,0,3,2,3,3,4,2,3,2,3,3,3,3,9,3,3,3,3,0,0,0,0,0,10
445,1,2,1,15,1,1,0,0,0,3,3,3,3,3,3,3,3,3,3,3,3,9,3,2,3,2,0,0,0,0,0,7
446,1,2,1,3,1,0,1,0,0,3,3,3,3,5,3,3,3,3,3,3,3,9,3,2,3,3,0,0,0,0,0,10
447,1,2,4,3,1,1,0,0,0,3,3,3,3,2,2,3,2,3,3,3,3,9,3,3,3,4,0,0,0,0,0,9
448,2,1,3,7,1,1,1,0,0,3,3,3,3,7,3,3,3,3,3,3,3,9,3,3,3,3,0,0,0,0,0,13
449,2,1,3,7,1,1,1,0,0,3,3,3,3,3,2,3,3,3,2,3,3,8,3,4,3,1,0,0,0,0,0,8
450,2,1,3,7,1,0,1,0,0,3,3,3,3,4,3,3,3,3,3,3,2,8,3,2,3,2,0,0,0,0,0,8
451,2,1,3,7,1,0,0,0,0,3,3,3,3,2,3,3,2,3,2,2,2,6,3,2,3,1,0,0,0,0,0,5
452,2,1,3,7,1,0,0,0,0,3,2,3,3,2,2,3,2,3,3,3,3,9,3,2,3,2,0,0,0,0,0,6
453,2,1,3,7,1,0,0,0,0,3,3,3,3,3,3,3,3,4,3,3,3,9,4,2,3,3,0,0,0,0,0,8
454,2,1,3,7,1,0,0,0,0,3,3,3,4,4,3,4,3,4,3,3,3,9,3,2,3,2,0,0,0,0,0,8
455,2,1,3,7,1,0,0,0,0,3,3,3,3,4,3,3,2,3,2,3,2,7,3,3,3,5,0,0,0,0,0,12
456,2,1,3,7,0,0,1,0,0,3,3,3,3,4,2,3,2,3,2,3,3,8,3,2,3,5,0,0,0,0,0,11
457,2,1,3,7,1,1,0,0,0,3,3,3,3,3,2,3,2,3,2,2,2,6,3,1,3,1,0,0,0,0,0,5
458,2,1,3,7,1,0,0,0,0,3,3,2,3,3,2,3,2,4,3,2,1,6,3,2,3,2,0,0,0,0,0,7
459,2,1,3,7,1,0,0,0,0,3,2,3,3,2,3,3,2,4,2,3,3,8,4,1,3,1,0,0,0,0,0,4
460,2,1,3,7,1,0,0,0,0,3,2,3,4,5,3,4,2,4,3,3,3,9,4,1,3,2,0,0,0,0,0,8
461,2,1,3,7,1,0,0,0,0,3,3,3,3,5,2,3,2,3,3,3,3,9,4,2,3,4,0,0,0,0,0,11
462,2,1,3,7,1,0,1,0,0,2,3,3,3,2,2,3,0,1,2,2,3,7,4,2,4,1,0,0,0,0,0,5
463,2,1,3,7,1,1,1,1,0,4,2,3,3,4,2,3,3,4,3,3,3,9,3,3,3,3,0,0,0,0,0,10
464,2,1,3,7,1,0,1,0,0,3,3,3,3,4,3,3,3,4,3,3,3,9,4,1,4,2,0,0,0,0,0,7
465,2,1,3,7,1,0,0,0,0,3,2,3,3,3,3,3,2,4,3,3,3,9,4,3,3,3,0,0,0,0,0,9
466,2,1,3,7,1,0,0,0,0,3,3,3,3,2,3,3,3,3,3,3,3,9,4,1,3,2,0,0,0,0,0,5
467,2,1,3,7,1,0,0,0,0,3,3,3,3,4,3,3,2,4,3,3,3,9,4,3,3,2,0,0,0,0,0,9
468,2,1,3,7,1,0,0,0,0,3,3,3,3,4,3,3,2,4,3,3,3,9,4,2,3,3,0,0,0,0,0,9
469,2,1,3,7,1,1,1,0,0,3,3,4,4,4,3,3,2,3,2,3,3,8,3,2,3,2,0,0,0,0,0,8
470,2,1,3,7,1,1,1,1,0,4,3,3,3,3,3,3,2,4,3,3,3,9,4,3,3,2,0,0,0,0,0,8
471,2,1,3,7,1,0,1,0,0,3,3,3,3,3,3,3,2,4,2,3,3,8,4,1,3,1,0,0,0,0,0,5
472,2,1,3,7,1,0,0,0,0,3,3,3,3,2,3,3,2,4,3,3,3,9,3,2,3,2,0,0,0,0,0,6
473,2,1,3,7,1,0,0,0,0,3,3,3,3,4,3,3,2,3,3,3,3,9,3,1,3,3,0,0,0,0,0,8
474,2,1,3,7,1,0,0,0,0,3,3,3,3,3,3,3,2,3,2,3,3,8,3,2,3,5,0,0,0,0,0,10
475,2,1,3,7,1,0,0,0,0,3,3,3,3,2,3,3,3,3,3,3,3,9,3,2,3,3,0,0,0,0,0,7
476,2,1,3,7,1,0,0,0,0,3,3,3,3,2,3,3,2,3,3,3,3,9,3,2,3,5,0,0,0,0,0,9
477,2,1,3,7,1,0,0,0,0,3,3,3,3,3,3,3,2,3,3,3,3,9,3,4,3,3,0,0,0,0,0,10
478,2,1,3,7,1,0,0,0,0,3,3,3,3,3,3,3,3,3,3,3,3,9,3,3,3,3,0,0,0,0,0,9
479,2,1,3,7,1,0,0,0,0,3,3,3,3,4,3,3,3,3,3,3,3,9,3,4,3,5,0,0,0,0,0,13
480,2,1,3,7,1,0,0,0,0,3,3,3,3,5,3,3,3,4,3,3,3,9,3,4,3,3,0,0,0,0,0,12
481,2,1,3,7,1,0,0,0,0,3,3,3,3,4,2,3,2,4,3,3,3,9,3,5,3,2,0,0,0,0,0,11
482,2,1,3,7,1,1,0,0,0,3,2,3,3,5,2,3,2,3,3,3,1,7,3,2,3,1,0,0,0,0,0,8
483,2,1,3,7,1,1,1,0,0,3,3,3,3,2,3,3,2,3,2,2,2,6,3,3,3,3,0,0,0,0,0,8
484,2,1,3,7,1,0,1,0,0,3,2,3,3,3,3,3,2,4,3,3,3,9,3,3,3,2,0,0,0,0,0,8
485,2,1,3,7,1,1,1,0,0,3,3,3,3,4,2,3,3,3,3,3,3,9,4,4,3,5,0,0,0,0,0,13
486,2,1,3,7,1,0,1,0,0,2,3,3,3,4,3,3,3,3,3,3,3,9,4,3,3,3,0,0,0,0,0,10
487,2,1,3,7,1,0,1,0,0,3,3,3,3,3,3,3,3,4,3,3,3,9,4,2,4,2,0,0,0,0,0,7
488,2,1,3,7,1,0,1,0,0,3,4,3,3,3,3,3,3,3,3,3,3,9,3,3,3,3,0,0,0,0,0,9
489,2,1,3,7,1,0,1,0,0,3,3,3,4,5,3,3,3,3,3,3,3,9,3,3,3,4,0,0,0,0,0,12
490,2,1,2,9,1,1,1,1,0,2,3,3,3,6,3,3,3,4,3,3,3,9,4,4,3,5,0,0,0,0,0,15
491,2,1,2,9,1,0,1,0,0,3,3,3,3,3,3,3,3,3,3,3,3,9,3,3,3,3,0,0,0,0,0,9
492,2,1,2,9,1,1,0,0,0,2,3,3,3,3,3,3,2,4,3,3,3,9,3,4,3,4,0,0,0,0,0,11
493,2,1,2,9,1,1,1,0,0,2,3,3,3,7,3,3,3,3,2,3,3,8,3,4,3,1,0,0,0,0,0,12
494,2,1,2,9,1,0,1,0,0,3,3,3,3,4,3,3,3,4,3,3,3,9,3,3,3,1,0,0,0,0,0,8
495,2,1,2,9,1,0,0,0,0,3,3,3,3,3,3,3,3,3,3,3,3,9,3,3,3,3,0,0,0,0,0,9
496,2,1,2,9,1,0,1,0,0,3,3,3,3,5,3,3,2,3,3,3,3,9,3,2,3,2,0,0,0,0,0,9
497,2,1,2,9,1,1,0,0,0,3,2,3,3,4,2,3,3,4,3,3,3,9,3,1,3,1,0,0,0,0,0,6
498,2,1,2,9,1,1,0,0,0,3,2,3,3,3,3,4,3,4,3,3,3,9,4,2,3,2,0,0,0,0,0,7
499,2,1,2,9,1,1,0,1,0,3,3,3,3,4,3,3,3,4,3,3,3,9,4,2,4,2,0,0,0,0,0,8
500,2,1,2,9,1,0,0,0,0,3,4,4,4,2,4,4,3,4,3,3,3,9,4,3,3,2,0,0,0,0,0,7
501,2,1,2,9,1,0,0,0,0,3,3,3,3,3,3,3,3,3,3,3,2,8,3,3,3,5,0,0,0,0,0,11
502,2,1,2,9,1,0,0,0,0,3,2,3,3,4,3,3,2,4,3,3,3,9,3,3,3,4,0,0,0,0,0,11
503,2,1,2,9,1,1,0,0,0,3,3,4,4,3,3,4,3,4,3,3,3,9,4,3,3,1,0,0,0,0,0,7
504,2,1,2,9,1,1,0,0,0,3,3,3,3,3,3,3,3,4,3,3,3,9,4,3,3,1,0,0,0,0,0,7
505,2,1,2,9,1,1,0,0,0,3,3,4,4,4,3,4,3,4,3,3,3,9,4,5,3,4,0,0,0,0,0,13
506,2,1,2,9,1,1,0,0,0,3,3,3,3,4,3,3,3,3,3,3,3,9,3,5,3,4,0,0,0,0,0,13
507,2,1,2,9,1,1,0,0,0,3,3,3,3,4,2,3,3,3,3,3,3,9,3,5,3,4,0,0,0,0,0,13
508,2,1,2,9,1,1,0,0,0,3,3,3,3,3,3,3,3,4,3,3,3,9,3,3,3,4,0,0,0,0,0,10
509,2,1,2,9,1,1,0,0,0,3,3,3,3,4,3,3,2,4,3,3,3,9,4,3,3,2,0,0,0,0,0,9
510,2,1,2,9,1,0,0,0,0,3,3,3,3,2,3,3,3,4,3,3,3,9,4,1,3,1,0,0,0,0,0,4
511,2,1,2,9,1,0,0,0,0,3,3,3,3,2,3,4,3,4,3,3,3,9,4,2,3,2,0,0,0,0,0,6
512,2,1,2,9,1,0,0,0,0,3,2,3,3,2,3,3,2,3,3,3,3,9,4,1,3,2,0,0,0,0,0,5
513,2,1,2,9,1,0,0,0,0,3,3,3,3,6,3,3,3,4,3,2,2,7,4,1,3,1,0,0,0,0,0,8
514,2,1,2,9,1,0,0,0,0,3,3,3,3,4,3,4,2,4,3,2,2,7,3,2,3,2,0,0,0,0,0,8
515,2,1,2,9,1,0,0,0,0,3,3,3,3,2,3,3,2,4,3,3,3,9,4,3,3,2,0,0,0,0,0,7
516,2,1,2,9,1,0,0,0,0,3,3,3,3,4,3,3,2,3,3,3,3,9,4,2,3,2,0,0,0,0,0,8
517,2,1,2,9,1,0,0,0,0,3,3,3,3,2,3,3,3,4,3,3,3,9,3,3,3,5,0,0,0,0,0,10
518,2,1,2,9,1,0,0,0,0,3,3,3,3,3,3,3,3,4,3,3,3,9,4,2,3,2,0,0,0,0,0,7
519,2,1,2,9,1,0,0,0,0,3,3,3,3,3,3,3,2,3,2,3,3,8,4,3,3,2,0,0,0,0,0,8
520,2,1,2,9,1,1,0,0,0,3,3,3,3,5,3,3,2,4,3,3,3,9,4,1,3,1,0,0,0,0,0,7
521,2,1,2,9,1,1,0,0,0,3,3,3,3,2,3,3,3,4,3,3,3,9,3,2,3,2,0,0,0,0,0,6
522,2,1,2,9,1,1,0,0,0,3,3,3,3,3,2,3,3,4,3,3,3,9,3,2,3,3,0,0,0,0,0,8
523,2,1,2,9,1,0,0,0,0,3,3,3,3,2,3,3,3,4,3,3,3,9,4,2,3,5,0,0,0,0,0,9
524,2,1,2,9,1,1,0,0,0,3,3,3,3,4,2,3,3,4,3,3,3,9,3,2,3,2,0,0,0,0,0,8
525,2,1,2,9,1,1,0,0,0,3,3,3,3,2,3,4,3,4,3,3,3,9,4,1,4,3,0,0,0,0,0,6
526,2,1,2,9,1,0,0,0,0,3,3,3,3,3,3,3,3,4,3,3,3,9,3,2,3,1,0,0,0,0,0,6
527,2,1,2,9,1,0,0,0,0,3,3,4,4,4,3,3,3,3,3,3,3,9,4,2,3,2,0,0,0,0,0,8
528,2,1,2,9,1,1,0,0,0,3,3,3,3,5,3,3,2,4,3,3,3,9,4,1,3,1,0,0,0,0,0,7
529,2,1,2,9,1,0,0,0,0,3,3,3,3,3,3,3,2,3,3,3,3,9,4,3,3,1,0,0,0,0,0,7
530,2,1,2,9,1,0,0,0,0,3,3,3,3,4,3,3,2,3,3,3,3,9,3,3,3,1,0,0,0,0,0,8
531,2,1,2,9,1,0,0,0,0,3,3,3,3,4,3,3,2,3,3,3,3,9,4,2,3,1,0,0,0,0,0,7
532,2,1,2,9,1,0,0,0,0,3,3,3,3,4,3,3,2,4,3,3,3,9,4,3,3,3,0,0,0,0,0,10
533,2,1,2,9,1,0,0,0,0,3,3,3,3,4,3,3,2,3,3,3,2,8,3,2,3,1,0,0,0,0,0,7
534,2,1,2,9,1,0,0,0,0,3,3,3,3,4,3,3,3,4,3,3,3,9,3,3,3,4,0,0,0,0,0,11
535,1,2,1,4,1,1,1,1,0,4,2,3,1,9,3,3,3,3,2,3,2,7,3,2,3,2,0,0,0,0,1,13
536,1,2,1,4,1,0,0,0,0,3,3,3,3,12,3,3,2,3,2,2,2,6,3,2,3,1,0,0,0,0,0,15
537,1,2,1,4,1,1,0,0,0,3,3,3,3,9,3,4,3,4,2,3,3,8,3,3,3,1,0,0,0,0,0,13
538,1,2,1,4,1,1,0,0,0,3,3,4,4,11,4,4,3,4,3,3,3,9,4,1,4,1,0,0,0,0,0,13
539,1,2,1,4,1,1,0,0,0,3,4,3,3,6,3,3,2,3,2,2,2,6,3,2,3,2,0,0,0,0,0,10
540,1,2,1,4,1,1,0,0,0,3,3,3,3,4,3,4,3,4,2,2,2,6,3,4,3,2,0,0,0,0,0,10
541,1,2,1,4,1,0,0,0,0,3,3,4,4,18,4,4,3,4,3,3,3,9,4,3,4,0,0,0,0,0,0,21
542,1,2,1,4,0,0,1,0,0,2,3,3,4,17,3,3,3,3,2,2,2,6,3,4,4,3,0,0,0,0,0,24
543,1,2,1,4,0,0,1,0,0,2,4,3,3,15,4,4,3,4,3,2,2,7,4,6,4,3,0,0,0,0,1,24
544,1,2,1,4,1,1,1,0,0,2,3,4,3,6,4,4,3,4,3,3,3,9,4,3,4,3,0,0,0,0,1,12
545,1,2,1,4,1,1,0,0,0,2,2,3,4,5,3,4,3,4,3,3,2,8,4,0,2,0,0,0,0,0,1,5
546,1,2,1,4,1,0,0,0,0,3,2,4,3,7,4,4,3,4,3,3,3,9,4,2,4,3,0,0,0,0,1,12
547,1,2,1,4,1,0,0,0,0,3,3,3,3,10,3,3,3,3,3,2,3,8,4,4,3,3,0,0,0,0,0,17
548,1,2,1,4,0,0,1,0,0,2,3,3,3,13,4,3,2,4,3,2,2,7,4,6,3,3,0,0,0,0,0,22
549,1,2,1,4,0,0,1,0,0,2,4,3,3,19,3,3,2,4,2,3,3,8,3,5,3,4,0,0,0,0,0,28
550,1,2,1,4,0,0,1,0,0,2,3,3,4,15,4,4,2,3,3,3,3,9,4,4,3,3,0,0,0,0,0,22
551,1,2,1,4,1,0,1,1,0,3,4,4,3,2,4,4,3,4,3,3,3,9,4,2,3,4,0,0,0,0,0,8
552,1,2,1,4,1,0,1,0,0,3,3,3,3,3,3,3,3,3,3,3,3,9,3,3,3,3,0,0,0,0,0,9
553,1,2,1,4,1,0,0,0,0,3,3,3,3,4,3,3,3,3,3,3,3,9,3,1,3,1,0,0,0,0,0,6
554,1,2,1,4,1,0,1,0,0,3,3,3,3,2,3,3,3,3,3,3,3,9,3,2,3,2,0,0,0,0,0,6
555,1,2,1,4,1,0,0,0,0,3,3,3,3,4,3,3,3,3,3,3,3,9,3,3,3,2,0,0,0,0,0,9
556,1,2,1,4,1,0,1,0,0,3,3,3,3,3,3,3,3,3,3,3,3,9,3,3,3,2,0,0,0,0,0,8
557,1,2,1,4,1,0,1,0,0,3,3,3,3,2,3,3,3,3,3,3,3,9,3,3,3,2,0,0,0,0,0,7
558,1,2,1,4,1,0,1,0,0,2,3,3,3,2,3,4,3,4,3,3,3,9,3,4,3,2,0,0,0,0,0,8
559,1,2,1,4,1,1,0,0,0,3,3,3,3,6,3,3,3,3,3,3,3,9,3,4,3,2,0,0,0,0,0,12
560,1,2,1,4,1,1,1,0,0,2,3,3,3,3,3,3,3,3,3,3,3,9,3,2,3,2,0,0,0,0,0,7
561,1,2,1,4,1,0,1,0,0,3,3,3,3,5,3,3,3,3,3,3,3,9,3,3,3,2,0,0,0,0,0,10
562,1,2,1,4,1,0,0,0,0,3,3,3,3,5,3,3,3,4,3,3,3,9,3,2,3,2,0,0,0,0,0,9
563,1,2,1,4,1,1,1,0,0,3,3,3,3,4,3,3,3,4,3,3,3,9,4,3,3,4,0,0,0,0,0,11
564,1,2,1,4,1,1,0,0,0,3,3,3,3,3,3,3,3,3,3,3,3,9,3,2,3,3,0,0,0,0,0,8
565,1,2,1,4,1,1,0,0,0,3,2,3,3,3,3,3,2,3,3,3,3,9,3,2,3,1,0,0,0,0,0,6
566,1,2,1,4,1,0,0,0,0,3,2,3,3,2,3,3,3,4,3,3,3,9,4,1,4,2,0,0,0,0,0,5
567,1,2,1,4,1,1,0,0,0,3,2,3,3,4,4,1,3,1,3,3,0,6,3,1,3,1,0,0,0,0,0,6
568,1,2,1,4,1,1,1,1,0,3,4,3,3,7,3,3,3,4,3,3,3,9,3,2,3,2,0,0,0,0,0,11
569,1,2,1,4,1,1,1,1,0,1,4,4,4,8,3,3,3,4,3,3,3,9,4,4,3,2,0,0,0,0,0,14
570,1,2,1,4,1,1,1,1,0,3,3,3,3,8,3,3,3,3,3,3,3,9,3,3,3,2,0,0,0,0,0,13
571,1,2,1,4,1,1,0,0,0,3,2,3,3,2,4,3,2,1,2,1,1,4,3,1,3,1,0,0,0,0,0,4
572,1,2,1,4,1,1,1,1,0,3,4,3,3,7,3,4,3,4,3,3,3,9,4,3,3,3,0,0,0,0,0,13
573,1,2,1,4,1,1,0,0,0,3,3,3,3,5,3,3,3,4,3,1,1,5,3,1,3,1,0,0,0,0,0,7
574,1,2,1,4,1,0,1,1,0,3,3,3,3,6,3,3,3,4,2,2,2,6,3,1,3,1,0,0,0,0,0,8
575,1,2,1,4,1,1,1,1,0,1,3,4,3,1,3,4,3,3,3,3,3,9,3,2,3,1,0,0,0,0,0,4
576,1,2,1,4,1,0,0,0,0,3,2,1,1,0,1,1,0,1,0,0,0,0,1,1,3,1,0,0,0,0,0,2
577,1,2,1,4,1,0,0,1,0,1,4,4,4,6,3,4,3,4,3,3,3,9,4,2,3,2,0,0,0,0,0,10
578,1,2,1,4,1,0,1,1,0,1,2,3,4,5,3,4,3,3,3,3,3,9,4,2,3,2,0,0,0,0,0,9
579,1,2,1,4,1,0,0,1,0,1,4,4,4,7,3,4,3,4,3,3,3,9,3,3,3,1,0,0,0,0,0,11
580,1,2,4,4,1,0,1,1,0,3,3,3,3,3,3,3,3,4,3,3,3,9,3,1,3,1,0,0,0,0,0,5
581,1,2,1,4,1,1,1,1,0,3,3,3,3,14,3,3,3,3,2,2,3,7,3,1,3,1,0,0,0,0,0,16
582,1,2,1,4,1,0,1,1,0,3,3,3,3,11,3,3,3,3,3,2,2,7,4,1,3,1,0,0,0,0,0,13
583,1,2,1,4,1,1,1,1,0,3,3,3,3,12,3,3,3,3,3,3,2,8,3,2,3,1,0,0,0,0,0,15
584,1,2,4,16,1,1,0,1,0,3,3,3,3,13,3,3,3,3,3,3,3,9,3,2,3,1,0,0,0,0,0,16
585,1,2,4,16,1,1,0,1,0,3,3,3,3,11,3,3,3,3,3,3,3,9,3,2,3,2,0,0,0,0,1,15
586,1,2,4,16,1,1,0,0,0,3,3,3,3,11,3,3,3,3,3,3,3,9,3,4,3,1,0,0,0,0,1,16
587,1,2,4,16,1,1,1,1,0,2,4,4,3,15,3,3,3,3,3,3,2,8,3,3,3,0,0,0,0,0,1,18
588,1,2,4,16,1,1,0,1,0,3,3,3,3,8,3,3,3,3,3,3,3,9,3,2,3,1,0,0,0,0,1,11
589,1,2,4,16,1,1,0,1,0,3,3,3,3,8,3,3,3,3,3,3,3,9,3,2,3,1,0,0,0,0,1,11
590,1,2,4,16,1,1,0,1,0,3,3,3,3,8,3,3,3,3,3,3,3,9,3,2,3,1,0,0,0,0,0,11
591,1,2,4,16,1,1,0,1,0,3,3,3,3,8,3,3,3,3,2,3,2,7,3,3,3,1,0,0,0,0,0,12
592,1,2,4,16,1,1,1,0,0,3,2,3,3,8,3,3,3,3,2,3,3,8,3,1,3,1,0,0,0,0,1,10
593,1,2,4,16,1,1,1,0,0,3,3,3,3,10,3,4,3,3,3,3,3,9,3,1,4,1,0,0,0,0,0,12
594,1,2,4,16,1,1,0,1,0,3,4,3,3,11,3,3,3,3,3,3,3,9,4,4,3,2,0,0,0,0,0,17
595,1,2,4,16,1,1,1,1,0,3,3,3,3,11,4,4,3,3,3,3,3,9,3,2,3,1,0,0,0,0,0,14
596,1,2,4,16,1,1,0,0,0,4,2,3,3,12,4,3,3,3,3,3,3,9,3,4,3,2,0,0,0,0,1,18
597,1,2,4,16,1,1,1,1,0,3,3,3,3,12,3,3,3,3,2,3,2,7,3,2,3,1,0,0,0,0,1,15
598,1,2,4,16,1,1,1,1,0,3,3,3,3,8,4,3,3,4,3,3,3,9,3,4,3,1,0,0,0,0,1,13
599,1,2,4,16,1,1,1,1,0,1,3,3,3,10,3,3,3,4,3,3,3,9,3,2,3,1,0,0,0,0,0,13
600,1,2,4,16,1,1,1,1,0,4,3,3,3,13,4,3,3,3,3,3,3,9,3,1,3,1,0,0,0,0,1,15
601,1,2,4,16,1,1,1,0,0,4,3,3,3,12,4,3,3,3,3,3,3,9,4,2,3,1,0,0,0,0,1,15
602,1,2,4,16,1,1,0,1,0,4,3,4,3,11,3,3,3,3,2,3,3,8,3,1,3,1,0,0,0,0,1,13
603,1,2,4,16,1,1,1,1,0,3,3,3,4,11,3,3,3,3,3,3,3,9,3,2,3,2,0,0,0,0,0,15
604,1,2,4,16,1,1,0,0,0,3,3,2,3,12,3,3,3,3,3,3,2,8,3,3,3,1,0,0,0,0,0,16
605,1,2,4,16,1,1,1,1,0,3,3,3,3,13,3,3,3,3,3,3,3,9,3,2,3,0,0,0,0,0,0,15
606,1,2,4,16,1,1,1,1,0,3,3,3,3,14,3,3,3,4,3,3,3,9,3,2,3,1,0,0,0,0,0,17
607,1,2,4,16,1,1,0,1,0,3,3,3,3,12,3,3,3,3,3,3,3,9,3,3,3,1,0,0,0,0,0,16
608,1,2,4,16,1,1,1,1,0,3,3,3,3,12,3,3,3,3,3,3,3,9,3,1,3,1,0,0,0,0,0,14
609,1,2,4,16,1,1,0,1,0,3,3,3,3,8,3,3,3,3,3,3,3,9,3,2,3,1,0,0,0,0,0,11
610,1,2,4,16,1,1,1,1,0,3,3,3,3,11,3,3,3,3,2,3,2,7,3,2,3,1,0,0,0,0,0,14
611,1,2,4,16,1,1,1,1,0,3,2,3,3,13,3,3,3,3,3,3,3,9,3,1,3,1,0,0,0,0,0,15
612,1,2,4,16,1,1,0,1,0,3,3,3,3,10,3,3,3,3,3,2,3,8,3,1,3,1,0,0,0,0,1,12
613,1,2,4,16,1,1,1,1,0,3,3,3,3,10,3,3,3,3,3,3,3,9,3,2,3,1,0,0,0,0,1,13
614,1,2,4,16,1,1,0,0,0,3,3,3,3,11,3,3,3,3,3,3,3,9,3,1,3,1,0,0,0,0,0,13
615,1,2,4,16,1,1,0,1,0,3,3,3,3,10,3,3,3,3,3,3,3,9,3,2,3,1,0,0,0,0,0,13
616,1,2,4,16,1,1,0,0,0,3,3,3,3,7,3,3,3,3,3,2,3,8,3,1,3,1,0,0,0,0,0,9
617,1,2,4,16,1,1,0,0,0,3,3,3,3,7,3,3,3,3,3,3,3,9,3,1,3,1,0,0,0,0,0,9
618,1,2,4,16,1,1,1,1,0,3,2,1,3,8,3,3,3,3,2,3,3,8,3,1,3,0,0,0,0,0,1,9
619,1,2,4,16,1,1,1,1,0,3,3,3,3,8,4,3,3,3,2,3,3,8,3,2,3,1,0,0,0,0,1,11
620,1,2,4,16,1,1,1,0,0,3,3,3,3,12,3,3,3,3,3,3,3,9,3,1,3,1,0,0,0,0,1,14
621,1,2,4,16,1,1,0,1,0,3,3,3,3,9,3,3,3,4,3,3,2,8,3,1,3,1,0,0,0,0,0,11
622,1,2,4,16,1,1,0,1,0,3,3,3,3,11,3,3,3,3,3,3,3,9,3,2,3,1,0,0,0,0,0,14
623,1,2,4,16,1,1,1,1,0,2,3,3,3,12,3,3,3,4,3,3,3,9,3,1,3,1,0,0,0,0,0,14
624,1,2,4,16,1,1,1,1,0,3,3,3,3,10,3,3,3,4,3,3,3,9,3,2,3,1,0,0,0,0,1,13
625,1,2,4,16,1,1,1,1,0,3,3,3,3,12,3,3,3,3,3,3,3,9,3,1,3,2,0,0,0,0,1,15
626,1,2,4,16,1,1,1,1,0,3,3,3,3,14,3,3,3,3,3,3,3,9,3,1,3,1,0,0,0,0,1,16
627,1,2,4,16,1,1,1,1,0,3,3,3,3,11,3,3,3,3,3,3,3,9,3,2,3,1,0,0,0,0,1,14
628,1,2,4,16,1,1,0,1,0,4,2,3,3,11,3,3,2,3,2,3,3,8,3,2,3,1,0,0,0,0,0,14
629,1,2,4,16,1,1,0,1,0,3,3,3,3,12,3,3,2,3,3,3,3,9,3,1,3,1,0,0,0,0,0,14
630,1,2,4,16,1,1,0,1,0,3,2,3,3,8,3,3,3,3,3,3,3,9,3,1,3,1,0,0,0,0,0,10
631,1,2,4,16,1,1,0,1,0,3,3,3,3,9,3,3,2,3,3,2,3,8,3,1,4,2,0,0,0,0,0,12
632,1,2,4,16,1,1,0,1,0,3,3,3,3,8,3,3,3,3,3,3,3,9,3,1,3,1,0,0,0,0,0,10
633,1,2,4,16,1,1,0,1,0,3,3,3,3,13,3,3,3,3,3,2,3,8,4,2,4,1,0,0,0,0,0,16
634,2,1,5,1,0,1,0,1,0,3,2,3,3,9,3,3,3,3,2,3,3,8,3,1,3,1,0,0,0,0,0,11
635,2,1,5,1,1,1,0,1,0,4,3,3,3,10,2,3,3,3,2,3,3,8,3,2,3,1,0,0,0,0,0,13
636,2,1,5,1,1,1,0,1,0,3,3,3,3,12,3,3,3,3,3,3,3,9,3,2,3,1,0,0,0,0,0,15
637,2,1,5,1,1,1,0,1,0,3,2,3,3,9,3,3,3,3,3,3,3,9,3,2,2,0,0,0,0,0,0,11
638,2,1,5,1,1,1,0,0,0,3,2,3,3,8,3,3,3,3,2,2,2,6,3,1,3,1,0,0,0,0,0,10
639,2,1,5,1,1,1,0,0,0,3,2,3,3,8,2,3,3,3,2,3,2,7,3,1,3,1,0,0,0,0,0,10
640,2,1,5,1,1,1,0,0,0,3,3,3,3,17,3,3,3,4,3,3,3,9,4,3,3,0,0,0,0,0,0,20
641,2,1,5,1,1,1,0,0,0,4,2,3,3,9,3,3,3,3,2,3,3,8,3,1,3,1,0,0,0,0,0,11
642,2,1,5,1,1,1,0,0,0,3,2,3,3,7,3,3,3,3,2,3,2,7,3,1,3,1,0,0,0,0,0,9
643,2,1,5,1,1,1,0,0,0,3,3,3,3,11,3,3,3,3,3,3,3,9,3,2,3,1,0,0,0,0,0,14
644,2,1,5,1,1,1,0,0,0,3,2,3,3,11,3,3,3,3,3,3,3,9,3,3,3,1,0,0,0,0,0,15
645,2,1,5,1,1,1,0,0,0,3,2,3,3,9,4,3,3,3,3,3,3,9,3,1,3,1,0,0,0,0,0,11
646,2,1,5,1,1,1,0,0,0,3,3,3,3,12,3,3,3,4,3,3,3,9,3,2,3,1,0,0,0,0,0,15
647,2,1,5,1,1,1,0,0,0,4,2,3,3,9,3,3,2,3,3,3,3,9,3,1,3,1,0,0,0,0,0,11
648,2,1,5,1,1,1,0,0,0,3,2,3,3,7,3,3,3,3,3,3,3,9,3,1,3,1,0,0,0,0,0,9
649,2,1,5,1,1,1,0,0,0,4,3,3,3,10,3,3,3,3,3,3,3,9,3,2,3,1,0,0,0,0,0,13
650,2,1,5,1,1,1,0,0,0,4,2,3,3,12,3,3,3,3,3,3,3,9,3,3,3,1,0,0,0,0,0,16
651,2,1,5,1,1,1,0,0,0,4,2,3,3,8,3,3,3,3,2,3,3,8,3,2,3,1,0,0,0,0,0,11
652,2,1,5,1,1,1,0,0,0,3,2,3,3,7,3,3,3,3,3,3,3,9,3,2,3,1,0,0,0,0,0,10
653,2,1,5,1,1,1,0,0,0,4,3,3,3,12,3,3,3,3,2,2,3,7,3,2,3,1,0,0,0,0,0,15
654,2,1,5,1,1,1,0,0,0,3,2,3,3,9,3,3,3,3,3,3,3,9,3,4,3,1,0,0,0,0,0,14
655,2,1,5,1,1,1,0,0,0,4,3,3,3,11,3,3,3,3,3,3,3,9,3,3,3,1,0,0,0,0,0,15
656,2,1,5,1,1,1,0,0,0,3,3,3,3,11,3,3,3,3,3,3,3,9,3,1,3,1,0,0,0,0,0,13
657,2,1,5,1,1,1,0,0,0,3,2,3,3,12,3,3,3,3,3,3,3,9,4,2,3,1,0,0,0,0,0,15
658,2,1,5,1,1,1,0,0,0,4,3,3,3,11,3,4,3,3,3,3,3,9,3,3,3,1,0,0,0,0,0,15
659,2,1,5,1,1,1,0,0,0,3,3,3,3,14,3,3,3,3,3,3,3,9,3,1,2,0,0,0,0,0,0,15
660,2,1,5,1,1,1,0,0,0,3,2,2,3,6,2,3,3,3,3,3,3,9,3,2,3,1,0,0,0,0,0,9
661,2,1,5,1,1,1,0,0,0,3,2,3,3,12,3,3,3,3,3,3,3,9,3,2,3,1,0,0,0,0,0,15
662,2,1,5,1,1,1,0,0,0,3,3,3,3,9,3,3,2,3,1,2,2,5,2,1,2,0,0,0,0,0,0,10
663,2,1,5,1,1,0,0,0,0,3,2,3,3,8,3,3,3,3,3,3,2,8,3,1,3,1,0,0,0,0,0,10
664,2,1,5,1,1,0,0,0,0,3,3,3,3,7,3,3,3,3,3,3,3,9,3,1,2,1,0,0,0,0,0,9
665,2,1,5,1,1,1,0,0,0,3,3,3,3,10,3,3,3,3,3,3,3,9,3,2,3,1,0,0,0,0,0,13
666,2,1,5,1,1,1,0,0,0,4,3,3,3,9,3,3,3,3,3,3,3,9,3,2,3,1,0,0,0,0,0,12
667,2,1,5,1,1,1,0,0,0,3,3,3,3,12,3,3,3,3,3,3,3,9,3,3,3,1,0,0,0,0,0,16
668,2,1,5,1,1,1,0,0,0,4,2,3,3,11,3,3,3,3,3,3,3,9,3,2,3,1,0,0,0,0,0,14
669,2,1,5,1,1,1,0,0,0,3,3,3,3,12,3,3,3,3,3,3,3,9,3,3,3,1,0,0,0,0,0,16
670,2,1,5,1,1,1,0,0,0,4,3,3,3,11,3,3,3,3,3,3,3,9,3,2,3,2,0,0,0,0,0,15
671,2,1,5,1,1,1,0,0,0,3,3,3,3,10,3,3,3,3,3,3,3,9,3,2,3,1,0,0,0,0,0,13
672,2,1,5,1,1,1,0,0,0,3,3,3,3,12,3,3,3,3,3,3,3,9,3,1,3,2,0,0,0,0,0,15
673,2,1,5,1,1,1,0,0,0,3,2,3,3,12,3,3,3,3,3,3,3,9,3,2,3,1,0,0,0,0,0,15
674,2,1,5,1,1,1,0,0,0,3,3,3,3,9,3,3,3,3,3,3,3,9,3,2,3,1,0,0,0,0,0,12
675,2,1,5,1,1,1,0,0,0,3,2,3,3,7,2,3,3,3,2,2,3,7,3,1,3,1,0,0,0,0,0,9
676,2,1,5,1,1,1,0,0,0,3,2,3,3,10,2,3,3,3,3,3,3,9,3,1,3,1,0,0,0,0,0,12
677,2,1,5,1,1,1,0,0,0,3,2,2,3,8,3,3,2,2,2,1,2,5,3,1,2,0,0,0,0,0,0,9
678,2,1,5,1,1,1,0,0,0,3,2,3,3,9,3,3,3,3,3,3,3,9,3,1,3,1,0,0,0,0,0,11
679,2,1,2,6,1,1,0,0,0,3,2,3,3,10,3,3,2,3,3,3,3,9,3,2,3,1,0,0,0,0,0,13
680,2,1,2,6,1,1,1,0,0,2,3,3,3,11,3,3,2,3,2,2,3,7,3,1,3,1,0,0,0,0,0,13
681,2,1,2,6,1,1,1,0,0,3,2,3,3,9,3,3,3,3,3,3,3,9,3,1,3,1,0,0,0,0,0,11
682,2,1,2,6,1,1,1,0,0,3,3,3,3,12,3,3,3,3,3,3,3,9,4,2,3,0,0,0,0,0,0,14
683,2,1,2,6,1,1,1,1,0,3,3,3,3,12,3,3,3,3,3,3,3,9,3,3,3,1,0,0,0,0,0,16
684,2,1,2,6,1,1,1,1,0,3,2,3,3,13,3,3,3,3,2,2,3,7,4,2,3,1,0,0,0,0,0,16
685,2,1,2,6,1,1,1,1,0,3,3,3,3,2,3,3,3,3,2,2,2,6,3,2,3,1,0,0,0,0,0,5
686,2,1,2,6,1,1,0,0,0,3,2,3,3,6,2,3,3,3,2,3,3,8,3,3,3,1,0,0,0,0,0,10
687,2,1,2,6,1,1,0,0,0,3,2,3,3,10,2,3,2,3,2,3,3,8,3,2,3,1,0,0,0,0,0,13
688,2,1,2,6,1,1,1,1,0,1,3,3,3,12,3,4,3,4,3,3,3,9,4,3,3,1,0,0,0,0,0,16
689,2,1,2,6,1,1,1,0,0,3,3,3,3,11,3,3,2,4,3,3,3,9,4,1,3,1,0,0,0,0,0,13
690,2,1,2,6,1,1,0,0,0,3,2,3,3,9,3,3,3,3,3,3,3,9,4,2,3,1,0,0,0,0,0,12
691,2,1,2,6,1,0,1,0,0,3,2,3,3,13,3,3,3,3,3,3,3,9,3,2,3,1,0,0,0,0,0,16
692,2,1,2,6,1,1,0,0,0,3,3,3,3,11,3,3,3,3,3,3,3,9,3,1,3,1,0,0,0,0,0,13
693,2,1,2,6,1,0,1,0,0,2,3,3,3,12,3,3,3,3,3,3,3,9,4,2,3,1,0,0,0,0,0,15
694,2,1,2,6,1,0,1,0,0,3,3,3,3,11,3,3,3,4,3,3,2,8,3,1,3,1,0,0,0,0,0,13
695,2,1,2,6,1,1,1,1,0,2,3,3,3,12,3,3,2,3,3,3,3,9,4,2,3,1,0,0,0,0,0,15
696,2,1,2,6,1,1,1,0,0,3,3,3,3,8,3,3,2,3,3,3,3,9,3,1,3,1,0,0,0,0,0,10
697,2,1,2,6,1,1,0,1,0,3,3,3,3,11,3,3,3,4,3,3,3,9,3,2,3,1,0,0,0,0,0,14
698,2,1,2,6,1,1,1,1,0,3,3,3,3,11,3,3,3,3,3,3,3,9,3,2,3,1,0,0,0,0,0,14
699,2,1,2,6,1,1,1,1,0,3,3,3,3,13,3,3,2,3,3,3,3,9,4,2,3,1,0,0,0,0,0,16
700,2,1,2,6,1,1,1,1,0,3,3,3,3,11,3,3,3,3,3,3,3,9,3,2,3,1,0,0,0,0,0,14
701,2,1,2,6,1,1,0,0,0,3,3,3,3,12,3,3,3,3,3,3,3,9,3,2,3,1,0,0,0,0,0,15
702,2,1,2,6,1,1,0,0,0,3,2,3,3,9,3,3,2,3,3,3,3,9,3,1,3,1,0,0,0,0,0,11
703,2,1,2,6,1,1,0,0,0,3,3,3,3,1,3,3,3,3,3,2,2,7,3,2,3,1,0,0,0,0,0,4
704,2,1,2,6,1,1,0,0,0,4,2,3,3,10,3,3,2,4,2,3,3,8,3,2,3,1,0,0,0,0,0,13
705,2,1,2,6,1,1,0,0,0,3,2,2,3,10,3,3,3,3,3,3,3,9,3,1,3,1,0,0,0,0,0,12
706,2,1,2,6,1,0,0,0,0,3,3,3,3,10,3,3,3,3,3,3,3,9,3,3,3,1,0,0,0,0,0,14
707,2,1,2,6,1,1,0,0,0,3,2,2,2,6,2,3,3,3,2,2,2,6,3,0,3,1,0,0,0,0,0,7
708,2,1,2,6,1,1,0,0,0,4,3,3,3,8,3,3,3,3,3,3,2,8,3,1,3,2,0,0,0,0,0,11
709,2,1,2,6,1,1,1,0,0,3,2,3,3,11,3,3,3,3,2,3,3,8,2,0,3,1,0,0,0,0,0,12
710,2,1,2,6,1,1,1,1,0,2,3,3,3,9,3,3,3,4,3,3,3,9,3,1,3,1,0,0,0,0,0,11
711,2,1,2,6,1,0,1,0,0,3,3,3,3,8,3,3,3,4,3,3,3,9,3,3,3,1,0,0,0,0,0,12
712,2,1,2,6,1,1,0,0,0,3,2,3,3,6,2,3,3,3,2,2,2,6,2,0,3,1,0,0,0,0,0,7
713,2,1,2,6,1,1,1,0,0,3,3,3,3,9,3,3,2,3,3,3,3,9,3,1,3,1,0,0,0,0,0,11
714,2,1,2,6,1,1,0,0,0,3,3,3,3,8,3,3,3,3,2,3,2,7,3,1,3,1,0,0,0,0,0,10
715,2,1,2,6,1,1,1,1,0,3,3,3,3,12,3,4,3,3,3,3,3,9,3,3,3,2,0,0,0,0,0,17
716,2,1,2,6,1,1,1,1,0,2,2,3,3,0,3,3,3,3,2,3,3,8,3,1,3,1,0,0,0,0,0,2
717,2,1,2,6,1,1,0,0,0,3,3,3,3,12,3,3,3,4,3,3,3,9,3,3,3,1,0,0,0,0,0,16
718,2,1,2,6,1,1,0,0,0,3,3,3,3,12,3,3,3,3,3,3,3,9,3,1,3,2,0,0,0,0,0,15
719,2,1,2,6,1,1,1,1,0,2,3,3,3,11,3,3,3,3,3,3,3,9,4,2,3,1,0,0,0,0,0,14
720,2,1,2,6,1,1,1,1,0,3,3,3,3,12,3,3,2,3,3,3,3,9,3,3,3,1,0,0,0,0,0,16
721,2,1,2,6,1,1,1,1,0,3,3,3,3,10,3,3,3,4,3,3,3,9,3,2,3,1,0,0,0,0,0,13
722,2,1,2,6,1,1,1,1,0,3,3,3,3,11,3,3,3,3,3,3,3,9,4,2,3,1,0,0,0,0,0,14
723,2,1,2,6,1,1,1,1,0,3,3,3,3,10,3,3,3,3,3,3,3,9,3,2,3,1,0,0,0,0,0,13
724,2,1,2,6,1,1,1,1,0,3,3,3,3,13,3,3,3,3,3,2,3,8,4,2,3,1,0,0,0,0,0,16
725,2,1,2,6,1,1,1,1,0,3,3,3,3,12,3,3,3,3,3,3,3,9,3,2,3,1,0,0,0,0,0,15
726,2,1,2,6,1,1,1,0,0,3,3,3,3,12,3,3,2,3,3,3,3,9,3,2,3,1,0,0,0,0,0,15
727,2,1,5,1,1,1,1,1,0,3,3,3,3,14,3,3,3,3,3,3,3,9,3,2,3,1,0,0,0,0,0,17
728,2,1,5,1,1,1,1,0,0,3,3,3,3,11,3,3,3,3,3,3,3,9,3,2,3,1,0,0,0,0,0,14
